case_id,environment_id,environment_seed,run_within_environment,algorithm_seed,spacing_m,J,energy_Wh,arrival_time_s,dynamic_risk,penalty_total,penalty_static,penalty_scene_entry,penalty_nfz,feasible,static_violation,scene_entry_violation,nfz_violation,evaluation_time_s,total_collision_subsamples,total_nfz_subsamples,path_points,run_status
1,1,483,1,547,6,10.9345280283496,8.15123124630028,100.18579231987,0.0539895301528901,0,0,0,0,1,0,0,0,0.1439057,290,290,93,ok
1,1,483,1,547,3,10.9189173758113,8.13821458952658,100.013694815407,0.0538735451634861,0,0,0,0,1,0,0,0,0.1318259,526,526,93,ok
1,1,483,1,547,1.5,10.9492049500322,8.16841385395192,100.051816102917,0.0538506084034544,0,0,0,0,1,0,0,0,0.1945438,986,986,93,ok
1,1,483,1,547,0.75,10.9349108593506,8.15383604693111,100.076807823234,0.0538581536037746,0,0,0,0,1,0,0,0,0.3642665,1916,1916,93,ok
1,1,483,1,547,0.375,10.9343725722733,8.15340347433904,100.071673946075,0.0538518603862127,0,0,0,0,1,0,0,0,0.6503301,3779,3779,93,ok
2,1,483,2,600,6,14.2121229678893,10.2147405175417,114.734295695911,0.0570493739554819,0,0,0,0,1,0,0,0,0.0523119,359,359,109,ok
2,1,483,2,600,3,14.2087897614509,10.2118623052948,114.709546769648,0.057024498641546,0,0,0,0,1,0,0,0,0.0872781,619,619,109,ok
2,1,483,2,600,1.5,14.2052443786635,10.2075518188488,114.712370695847,0.057098655735577,0,0,0,0,1,0,0,0,0.1555938,1166,1166,109,ok
2,1,483,2,600,0.75,14.2080822557259,10.2101142994544,114.746500703153,0.057097753708506,0,0,0,0,1,0,0,0,0.3063964,2262,2262,109,ok
2,1,483,2,600,0.375,14.2083320427833,10.2103514602446,114.744934726004,0.0571003213161864,0,0,0,0,1,0,0,0,0.6393683,4463,4463,109,ok
3,1,483,3,653,6,11.6490647190621,8.43447711151549,100.646943288488,0.0352928773391891,0,0,0,0,1,0,0,0,0.0413433,240,240,10,ok
3,1,483,3,653,3,11.5609281710601,8.35681066902452,99.6234827306887,0.0350987505862538,0,0,0,0,1,0,0,0,0.0743419,476,476,10,ok
3,1,483,3,653,1.5,11.5623269085111,8.35538566660169,99.9678615400493,0.0350941422324975,0,0,0,0,1,0,0,0,0.1245807,945,945,10,ok
3,1,483,3,653,0.75,11.582692246784,8.37556242093647,99.9873343046541,0.0350967733224698,0,0,0,0,1,0,0,0,0.2461196,1886,1886,10,ok
3,1,483,3,653,0.375,11.5833640236007,8.37586720390451,99.987496305258,0.0351333377068375,0,0,0,0,1,0,0,0,0.4893876,3768,3768,10,ok
4,2,638,1,702,6,148.611630647517,8.24687996238377,97.6967001350633,0.0093187318652597,1.37943400873766,0,0,0,0,0,0,0,0.0398107,216,216,10,ok
4,2,638,1,702,3,153.783127011329,8.21293799920113,97.8186393429411,0.00906466554077969,1.4315036370394,0.0217391304347826,0,0,0,1,0,0,0.0660067,429,429,10,ok
4,2,638,1,702,1.5,151.220008400177,8.23413687407299,97.8585749752858,0.0089437117369967,1.40566922959017,0.010989010989011,0,0,0,1,0,0,0.1151219,854,854,10,ok
4,2,638,1,702,0.75,151.235047513482,8.23397536500022,97.8205988004526,0.00904236212027807,1.40581453545686,0.0110497237569061,0,0,0,1,0,0,0.2364024,1703,1703,10,ok
4,2,638,1,702,0.375,151.896042537574,8.23332192288156,97.8142372299448,0.00904852626330528,1.41243093383554,0.0138121546961326,0,0,0,1,0,0,0.4321946,3402,3402,10,ok
5,2,638,2,755,6,8.73481026161526,7.02216600417518,91.6892611928667,0,0,0,0,0,1,0,0,0,0.0328442,235,235,79,ok
5,2,638,2,755,3,9.96645830677488,7.03308096100664,91.7983556867197,0,0.0121982396754605,0,0,0,0,0,0,0,0.0649599,458,458,79,ok
5,2,638,2,755,1.5,9.95951311324298,7.02659073341828,91.7437597734933,0,0.0121982396754607,0,0,0,0,0,0,0,0.1126072,851,851,79,ok
5,2,638,2,755,0.75,9.47087482348114,7.02677102508788,91.7284720419171,0,0.00731132783877769,0,0,0,0,0,0,0,0.2160213,1638,1638,79,ok
5,2,638,2,755,0.375,9.49478992355466,7.02655759251207,91.7237293675127,0,0.00755300838813796,0,0,0,0,0,0,0,0.4117274,3217,3217,79,ok
6,2,638,3,808,6,12.0021308500569,8.22088257346422,96.345294281265,0.0118971342312769,0,0,0,0,1,0,0,0,0.0339698,245,245,82,ok
6,2,638,3,808,3,13.16497838362,8.19136546395035,96.0795032674711,0.0118060002904224,0.0119549090760046,0,0,0,0,0,0,0,0.062742,463,463,82,ok
6,2,638,3,808,1.5,12.2704949012438,8.19307744662669,96.0988934686653,0.0118321133542051,0.00298872726900121,0,0,0,0,0,0,0,0.1152187,874,874,82,ok
6,2,638,3,808,0.75,12.6373256368418,8.18729613111483,96.0898794880488,0.0117410121574056,0.00672470906483107,0,0,0,0,0,0,0,0.2247423,1707,1707,82,ok
6,2,638,3,808,0.375,12.4426141131884,8.18826368268131,96.0985983797125,0.0117498387752012,0.00476630907654793,0,0,0,0,0,0,0,0.444174,3379,3379,82,ok
7,3,855,1,919,6,15.53220786891,10.466328262778,109.840275276212,0.0148805877743443,0,0,0,0,1,0,0,0,0.0412179,261,261,10,ok
7,3,855,1,919,3,15.5388336902209,10.4725939187566,109.794223115476,0.0149549811081909,0,0,0,0,1,0,0,0,0.0697186,517,517,10,ok
7,3,855,1,919,1.5,15.5346344752525,10.4679378727987,109.779254001429,0.0150131384688448,0,0,0,0,1,0,0,0,0.1381853,1032,1032,10,ok
7,3,855,1,919,0.75,15.5351676096806,10.4688215699344,109.778947290673,0.0149783377903816,0,0,0,0,1,0,0,0,0.2674686,2059,2059,10,ok
7,3,855,1,919,0.375,15.5350288169389,10.4686765576778,109.775576875694,0.0149817684210275,0,0,0,0,1,0,0,0,0.5197151,4115,4115,10,ok
8,3,855,2,972,6,7.26684814951484,6.46032873174007,85.6806796934574,0,0,0,0,0,1,0,0,0,0.0300949,210,210,10,ok
8,3,855,2,972,3,7.26602412274567,6.45954201719935,85.6762022260435,0,0,0,0,0,1,0,0,0,0.0574964,419,419,10,ok
8,3,855,2,972,1.5,7.26876233397324,6.4622680600188,85.6776624350177,0,0,0,0,0,1,0,0,0,0.1093695,832,832,10,ok
8,3,855,2,972,0.75,7.26804688779822,6.46161315814858,85.6703971184415,0,0,0,0,0,1,0,0,0,0.2157066,1659,1659,10,ok
8,3,855,2,972,0.375,7.26788866072739,6.46144742460705,85.6712978949264,0,0,0,0,0,1,0,0,0,0.4148045,3313,3313,10,ok
9,3,855,3,1025,6,11.3552866785818,8.40378222042709,95.1125710951261,0.00064786460908738,0,0,0,0,1,0,0,0,0.0328889,234,234,10,ok
9,3,855,3,1025,3,11.3699755044358,8.41731609399804,95.2669326351213,0.00063472522073152,0,0,0,0,1,0,0,0,0.0632393,464,464,10,ok
9,3,855,3,1025,1.5,11.3868007808632,8.43272689428405,95.4458694886768,0.000627058790246214,0,0,0,0,1,0,0,0,0.1229602,924,924,10,ok
9,3,855,3,1025,0.75,11.3820213369116,8.42830672182967,95.3962387352999,0.000632490601668396,0,0,0,0,1,0,0,0,0.2421221,1842,1842,10,ok
9,3,855,3,1025,0.375,11.3825025266771,8.42874056337183,95.4019711054748,0.000632448448853431,0,0,0,0,1,0,0,0,0.4607497,3680,3680,10,ok
10,4,948,1,1012,6,8.15345227643627,6.71082126466304,86.513130062106,3.98817700990855e-05,0,0,0,0,1,0,0,0,0.0289162,199,199,10,ok
10,4,948,1,1012,3,8.15791334060772,6.71473561448326,86.5766902727999,4.15863629781013e-05,0,0,0,0,1,0,0,0,0.0534199,396,396,10,ok
10,4,948,1,1012,1.5,8.15840320364981,6.71526403265615,86.5739591059862,4.00068222417108e-05,0,0,0,0,1,0,0,0,0.1066679,787,787,10,ok
10,4,948,1,1012,0.75,8.15829978489121,6.71512535054084,86.5737965397211,4.36686298008747e-05,0,0,0,0,1,0,0,0,0.2084237,1569,1569,10,ok
10,4,948,1,1012,0.375,8.15771267361063,6.71462381353332,86.5654671013308,4.20524011526867e-05,0,0,0,0,1,0,0,0,0.3978399,3134,3134,10,ok
11,4,948,2,1065,6,8.35196894692726,6.85068312933025,86.747091797925,0.0034209734474374,0,0,0,0,1,0,0,0,0.0274849,199,199,10,ok
11,4,948,2,1065,3,8.33509446487061,6.83397203583869,86.7006115606141,0.00344336812201966,0,0,0,0,1,0,0,0,0.0522304,395,395,10,ok
11,4,948,2,1065,1.5,8.3949058815762,6.88780539115465,87.4457408834529,0.00342023315861729,0,0,0,0,1,0,0,0,0.1041911,785,785,10,ok
11,4,948,2,1065,0.75,8.35982543324578,6.8562078496853,87.0212696096227,0.00342566853403561,0,0,0,0,1,0,0,0,0.2050167,1567,1567,10,ok
11,4,948,2,1065,0.375,8.36037664979145,6.85681894326539,87.0230626717313,0.00341818661217043,0,0,0,0,1,0,0,0,0.3959157,3130,3130,10,ok
12,4,948,3,1118,6,9.26875096580186,7.2486177940161,88.6131233856731,0.0019272862248285,0,0,0,0,1,0,0,0,0.0287522,202,202,10,ok
12,4,948,3,1118,3,9.27321246797619,7.25181753843788,88.7514099963864,0.00193822315782302,0,0,0,0,1,0,0,0,0.0540638,401,401,10,ok
12,4,948,3,1118,1.5,9.27798359486707,7.25571814287755,88.8182887442655,0.00196954311304469,0,0,0,0,1,0,0,0,0.1086804,801,801,10,ok
12,4,948,3,1118,0.75,9.27750436997862,7.25548039279388,88.8059320718881,0.0019556928595471,0,0,0,0,1,0,0,0,0.206739,1598,1598,10,ok
12,4,948,3,1118,0.375,9.27701086483992,7.25502225116223,88.7983538886777,0.0019584716615179,0,0,0,0,1,0,0,0,0.3921869,3190,3190,10,ok
13,5,1041,1,1105,6,11.6085324638347,8.56672952840361,96.2514483691373,8.55748969929185e-05,0,0,0,0,1,0,0,0,0.0390761,273,273,91,ok
13,5,1041,1,1105,3,11.6341861121016,8.59185680819685,96.3034823856848,9.48500639089142e-05,0,0,0,0,1,0,0,0,0.0717807,517,517,91,ok
13,5,1041,1,1105,1.5,11.6319891470316,8.58938038182209,96.3349415985176,9.65801836826759e-05,0,0,0,0,1,0,0,0,0.1309206,971,971,91,ok
13,5,1041,1,1105,0.75,11.6353777289472,8.59263336384759,96.3632050301627,8.65873129914025e-05,0,0,0,0,1,0,0,0,0.2455447,1888,1888,91,ok
13,5,1041,1,1105,0.375,11.6352104250932,8.59248603847173,96.3595000154701,8.76769774173059e-05,0,0,0,0,1,0,0,0,0.4660829,3731,3731,91,ok
14,5,1041,2,1158,6,106.834534437421,13.100944838572,144.062794141057,0.0174007729672321,0.88339502322602,0.0487804878048781,0,0,0,1,0,0,0.0481417,343,343,10,ok
14,5,1041,2,1158,3,104.946014861936,13.098444322454,144.05175310158,0.0174061500213912,0.864535215013557,0.0365853658536584,0,0,0,1,0,0,0.0909576,681,681,10,ok
14,5,1041,2,1158,1.5,107.21026442524,13.0983669849235,143.990682314351,0.0174709170574558,0.887177096550565,0.0426829268292682,0.0131004366812227,0,0,1,1,0,0.1800636,1357,1357,10,ok
14,5,1041,2,1158,0.75,105.451512428028,13.1048079297605,144.089631499926,0.0174057276582073,0.869523440304532,0.0397553516819571,0,0,0,1,0,0,0.3563379,2709,2709,10,ok
14,5,1041,2,1158,0.375,106.51674849476,13.1042433272077,144.084950136654,0.0174076822676323,0.880181641650041,0.0423796939216416,0,0,0,1,0,0,0.6842204,5416,5416,10,ok
15,5,1041,3,1211,6,101.563320246644,9.7101730801468,114.163522552903,0,0.88339502322602,0.0487804878048779,0,0,0,1,0,0,0.0385716,276,276,10,ok
15,5,1041,3,1211,3,99.6593631667728,9.6937333817275,113.979135328197,0,0.864535215013557,0.0365853658536587,0,0,0,1,0,0,0.0734885,549,549,10,ok
15,5,1041,3,1211,1.5,100.651839636703,9.69117119912609,114.029321392814,0,0.87448141936682,0.0429447852760735,0,0,0,1,0,0,0.146042,1093,1093,10,ok
15,5,1041,3,1211,0.75,100.175279269872,9.69148667919162,114.011664307467,0,0.869714132321639,0.039877300613497,0,0,0,1,0,0,0.2833925,2181,2181,10,ok
15,5,1041,3,1211,0.375,100.424475498266,9.69170866894255,114.013981689943,0,0.872203681592862,0.0414746543778801,0,0,0,1,0,0,0.5463766,4357,4357,10,ok
16,6,1103,1,1167,6,7.47182969472715,5.76829524692988,70.3231214654937,0.0128032056579451,0,0,0,0,1,0,0,0,0.0333733,234,234,79,ok
16,6,1103,1,1167,3,7.48876157833432,5.78269700871871,70.4682686370019,0.0129352618635212,0,0,0,0,1,0,0,0,0.0619048,459,459,79,ok
16,6,1103,1,1167,1.5,7.48880905257429,5.78109084669629,70.4790140670982,0.0130916709646797,0,0,0,0,1,0,0,0,0.1146945,852,852,79,ok
16,6,1103,1,1167,0.75,7.49221832334164,5.784049788273,70.5129852525987,0.0131083945624939,0,0,0,0,1,0,0,0,0.2150805,1637,1637,79,ok
16,6,1103,1,1167,0.375,7.49204745278954,5.78396440088901,70.5100441952871,0.0131022971267758,0,0,0,0,1,0,0,0,0.4076467,3210,3210,79,ok
17,6,1103,2,1220,6,7.10658266823309,5.53794886912671,70.7358849059408,0.00435498727406213,0,0,0,0,1,0,0,0,0.0290106,204,204,10,ok
17,6,1103,2,1220,3,7.13107300907213,5.56390006712991,70.6541925833613,0.00427697849312883,0,0,0,0,1,0,0,0,0.0549097,404,404,10,ok
17,6,1103,2,1220,1.5,7.12572625818412,5.55950095592525,70.5977424348501,0.00422925631522015,0,0,0,0,1,0,0,0,0.1090938,803,803,10,ok
17,6,1103,2,1220,0.75,7.13738307902341,5.56895781893055,70.7514205904272,0.00432118696897065,0,0,0,0,1,0,0,0,0.2104817,1602,1602,10,ok
17,6,1103,2,1220,0.375,7.13758240082297,5.56916029120798,70.751464556419,0.00432083528285767,0,0,0,0,1,0,0,0,0.4041227,3198,3198,10,ok
18,6,1103,3,1273,6,8.42357579964968,6.10005088600804,70.5211837707045,0.0125273980269616,0,0,0,0,1,0,0,0,0.0281575,204,204,10,ok
18,6,1103,3,1273,3,8.45036301830207,6.12662931067888,70.6541259508748,0.0124374922749745,0,0,0,0,1,0,0,0,0.055243,406,406,10,ok
18,6,1103,3,1273,1.5,8.43783554692304,6.11405927992133,70.5105856701454,0.0125613651134354,0,0,0,0,1,0,0,0,0.1098853,807,807,10,ok
18,6,1103,3,1273,0.75,8.44108563305448,6.11752407208882,70.5552404653062,0.0125026821805292,0,0,0,0,1,0,0,0,0.2193217,1610,1610,10,ok
18,6,1103,3,1273,0.375,8.44143029116554,6.11783616456727,70.559733378722,0.0125021946492768,0,0,0,0,1,0,0,0,0.4105764,3214,3214,10,ok
19,7,1227,1,1291,6,14.3157033967305,9.49958235345438,98.1171261188622,0.000886043198253846,0,0,0,0,1,0,0,0,0.0364738,219,219,10,ok
19,7,1227,1,1291,3,14.3543139422072,9.53449759755992,98.486294972211,0.000947932624246191,0,0,0,0,1,0,0,0,0.0664533,435,435,10,ok
19,7,1227,1,1291,1.5,14.3677428100491,9.54750408243367,98.5989883880694,0.00089625974117488,0,0,0,0,1,0,0,0,0.1352809,867,867,10,ok
19,7,1227,1,1291,0.75,14.3511017120232,9.53221838179634,98.4069079020996,0.000920787073964538,0,0,0,0,1,0,0,0,0.2273538,1733,1733,10,ok
19,7,1227,1,1291,0.375,14.3510411322043,9.53216968843312,98.4061491785174,0.000920230698045823,0,0,0,0,1,0,0,0,0.4437226,3462,3462,10,ok
20,7,1227,2,1344,6,9.0009088885598,7.32133305392299,91.9725728181643,0,0,0,0,0,1,0,0,0,0.0293015,204,204,10,ok
20,7,1227,2,1344,3,8.84873527716368,7.18132649738443,90.5125262352571,0,0,0,0,0,1,0,0,0,0.0549528,406,406,10,ok
20,7,1227,2,1344,1.5,8.83767974631628,7.17131943662457,90.3867098247505,0,0,0,0,0,1,0,0,0,0.1084238,808,808,10,ok
20,7,1227,2,1344,0.75,8.84214146837704,7.17532368028695,90.4416072325564,0,0,0,0,0,1,0,0,0,0.2150692,1610,1610,10,ok
20,7,1227,2,1344,0.375,8.8418399400356,7.17506220442256,90.4368009353102,0,0,0,0,0,1,0,0,0,0.4149491,3216,3216,10,ok
21,7,1227,3,1397,6,9.33864615768492,7.5423924816231,98.3626193897251,0.0030002204378942,0,0,0,0,1,0,0,0,0.0319629,217,217,10,ok
21,7,1227,3,1397,3,9.33320965252178,7.53767793730591,98.3274055948947,0.0029573691823246,0,0,0,0,1,0,0,0,0.0581229,431,431,10,ok
21,7,1227,3,1397,1.5,9.33707447304106,7.54037847961519,98.4002101647812,0.00301312652841923,0,0,0,0,1,0,0,0,0.1148159,857,857,10,ok
21,7,1227,3,1397,0.75,9.33385288672612,7.53791665506141,98.3504468082671,0.00297861981606538,0,0,0,0,1,0,0,0,0.2294459,1711,1711,10,ok
21,7,1227,3,1397,0.375,9.33330454958682,7.53735981407477,98.3505201952545,0.00297940904497614,0,0,0,0,1,0,0,0,0.4388166,3419,3419,10,ok
22,8,1475,1,1539,6,8.47783542362635,6.08795662042749,70.6024925249435,0,0,0,0,0,1,0,0,0,0.0303102,208,208,10,ok
22,8,1475,1,1539,3,8.46934108980267,6.08104252033533,70.4128644771621,0,0,0,0,0,1,0,0,0,0.0553148,413,413,10,ok
22,8,1475,1,1539,1.5,8.4684855519851,6.08006633973372,70.4273416112466,0,0,0,0,0,1,0,0,0,0.1095182,821,821,10,ok
22,8,1475,1,1539,0.75,8.46769493903934,6.07934254071172,70.4193239403963,0,0,0,0,0,1,0,0,0,0.2162904,1640,1640,10,ok
22,8,1475,1,1539,0.375,8.46817451551746,6.07979943988621,70.422045216832,0,0,0,0,0,1,0,0,0,0.4073178,3277,3277,10,ok
23,8,1475,2,1592,6,7.15501329970832,5.56339686697427,67.4377483566227,8.98809836230066e-05,0,0,0,0,1,0,0,0,0.0278258,200,200,10,ok
23,8,1475,2,1592,3,7.14455912836691,5.55249329121573,67.4824493363925,9.7570608861952e-05,0,0,0,0,1,0,0,0,0.0535443,397,397,10,ok
23,8,1475,2,1592,1.5,7.14128533648783,5.54947580337169,67.4574664992574,9.275923630252e-05,0,0,0,0,1,0,0,0,0.1039039,787,787,10,ok
23,8,1475,2,1592,0.75,7.14113683204756,5.54936213226354,67.453064073019,9.29445916241159e-05,0,0,0,0,1,0,0,0,0.2038985,1568,1568,10,ok
23,8,1475,2,1592,0.375,7.14184405249213,5.5500039157172,67.460531819761,9.32651684291321e-05,0,0,0,0,1,0,0,0,0.3928976,3129,3129,10,ok
24,8,1475,3,1645,6,7.02568428411653,5.50385618589806,68.6055540107969,4.76682109242367e-05,0,0,0,0,1,0,0,0,0.027456,200,200,10,ok
24,8,1475,3,1645,3,7.01078422135961,5.48938283165851,68.5613355395522,4.18460852250598e-05,0,0,0,0,1,0,0,0,0.0536977,399,399,10,ok
24,8,1475,3,1645,1.5,7.00872189085725,5.48733464203695,68.5568057065315,4.4206857995435e-05,0,0,0,0,1,0,0,0,0.1062788,793,793,10,ok
24,8,1475,3,1645,0.75,7.008231061443,5.48691657433538,68.548852607184,4.35582695166917e-05,0,0,0,0,1,0,0,0,0.2073724,1584,1584,10,ok
24,8,1475,3,1645,0.375,7.00869010858878,5.48733706447448,68.5533149835085,4.36953232479644e-05,0,0,0,0,1,0,0,0,0.3933623,3163,3163,10,ok
25,9,2312,1,2376,6,9.5258613993239,7.16749835441468,83.4947576116481,0,0,0,0,0,1,0,0,0,0.0292125,212,212,10,ok
25,9,2312,1,2376,3,9.48297605821713,7.12538451954176,83.4021768635847,0,0,0,0,0,1,0,0,0,0.0572751,419,419,10,ok
25,9,2312,1,2376,1.5,9.49325274326111,7.13466492072545,83.5217309268201,0,0,0,0,0,1,0,0,0,0.1096743,834,834,10,ok
25,9,2312,1,2376,0.75,9.49280161636249,7.13428837184972,83.5127815640736,0,0,0,0,0,1,0,0,0,0.2137878,1662,1662,10,ok
25,9,2312,1,2376,0.375,9.49238457295361,7.13390806221945,83.5083735106395,0,0,0,0,0,1,0,0,0,0.4131703,3319,3319,10,ok
26,9,2312,2,2429,6,8.77898989617742,6.84433412418701,86.5630137926316,0.000734089636890611,0,0,0,0,1,0,0,0,0.0300905,220,220,10,ok
26,9,2312,2,2429,3,8.75985374378061,6.82782148869931,86.2889159378349,0.000700152824977531,0,0,0,0,1,0,0,0,0.0576998,436,436,10,ok
26,9,2312,2,2429,1.5,8.76248284652072,6.83046211844385,86.281827197482,0.000704907408161574,0,0,0,0,1,0,0,0,0.1160986,867,867,10,ok
26,9,2312,2,2429,0.75,8.76120318761733,6.82926122596219,86.2738476448991,0.000703680393140862,0,0,0,0,1,0,0,0,0.2221995,1729,1729,10,ok
26,9,2312,2,2429,0.375,8.76121469334922,6.82925490315513,86.2753242471412,0.000704232745167547,0,0,0,0,1,0,0,0,0.430112,3453,3453,10,ok
27,9,2312,3,2482,6,11.0928293071541,8.18610751924712,95.5634694643661,0.0152786071201526,0,0,0,0,1,0,0,0,0.0334007,246,246,10,ok
27,9,2312,3,2482,3,11.0865164419425,8.17469445345365,95.5056523864168,0.0158368080766355,0,0,0,0,1,0,0,0,0.0640148,488,488,10,ok
27,9,2312,3,2482,1.5,11.0833661442344,8.17426070091411,95.5014520187677,0.0155686538661523,0,0,0,0,1,0,0,0,0.1264857,970,970,10,ok
27,9,2312,3,2482,0.75,11.0836683827718,8.17465829896202,95.5146012194315,0.0155481602478779,0,0,0,0,1,0,0,0,0.2474332,1935,1935,10,ok
27,9,2312,3,2482,0.375,11.083307860324,8.17425467312916,95.5101618175077,0.0155561700879912,0,0,0,0,1,0,0,0,0.4781959,3865,3865,10,ok
28,10,2560,1,2624,6,10.0752513788974,7.11500308881585,80.1076732607312,0.00215026041296468,0,0,0,0,1,0,0,0,0.0333907,237,237,80,ok
28,10,2560,1,2624,3,10.0988187977521,7.13548417139531,80.5472888818916,0.00209254768951392,0,0,0,0,1,0,0,0,0.063871,456,456,80,ok
28,10,2560,1,2624,1.5,10.1003811405038,7.13810368188443,80.3411265509434,0.00215863285823242,0,0,0,0,1,0,0,0,0.1119749,851,851,80,ok
28,10,2560,1,2624,0.75,10.1009913708139,7.13924743449586,80.368124159768,0.00208278262074165,0,0,0,0,1,0,0,0,0.2095693,1641,1641,80,ok
28,10,2560,1,2624,0.375,10.1009138707981,7.13933612260217,80.3699344326658,0.00206465524778948,0,0,0,0,1,0,0,0,0.4029868,3234,3234,80,ok
29,10,2560,2,2677,6,34.261905230273,14.8604719204716,144.491137504326,0.0190492264802996,0.112110670060781,0,0,0,0,0,0,0,0.0495451,338,338,10,ok
29,10,2560,2,2677,3,34.2190907312283,14.8203011062638,144.508820701632,0.0188776784484731,0.112099914415818,0,0,0,0,0,0,0,0.1011634,670,670,10,ok
29,10,2560,2,2677,1.5,34.2577900835382,14.8467015041387,144.516718827267,0.0189318098810594,0.112216832639773,0,0,0,0,0,0,0,0.1791336,1335,1335,10,ok
29,10,2560,2,2677,0.75,34.2557685780551,14.8446209670614,144.507342050458,0.0189461024153748,0.112216775100351,0,0,0,0,0,0,0,0.3543721,2665,2665,10,ok
29,10,2560,2,2677,0.375,34.2562376023901,14.84515449204,144.513666745986,0.0189343817714148,0.112216775100351,0,0,0,0,0,0,0,0.6793289,5327,5327,10,ok
30,10,2560,3,2730,6,13.9413688560685,8.78915317558777,84.4130393114987,0.0125665611894126,0,0,0,0,1,0,0,0,0.0330586,246,246,83,ok
30,10,2560,3,2730,3,13.9182905294025,8.76342208280443,84.4026909994127,0.0128404613945537,0,0,0,0,1,0,0,0,0.0619362,466,466,83,ok
30,10,2560,3,2730,1.5,13.8982711832343,8.74573833941481,84.4328287860878,0.0125817862944681,0,0,0,0,1,0,0,0,0.1147019,877,877,83,ok
30,10,2560,3,2730,0.75,13.9130260617542,8.76081592781764,84.4974047748592,0.0124957019821948,0,0,0,0,1,0,0,0,0.2152787,1715,1715,83,ok
30,10,2560,3,2730,0.375,13.9125807141892,8.76035074768894,84.494999478219,0.0124996896524339,0,0,0,0,1,0,0,0,0.4178246,3390,3390,83,ok
