ConfigID,ConfigName,VariedComponent,Multiplier,EnvironmentID,EnvironmentSeed,Algorithm,AlgorithmSeed,J,Energy_Wh,FlightTime_s,ClimbCost,DynamicRisk,PenaltyTotal,Feasible,PlanningTime_s,EvaluationTime_s,PathReusedAcrossWeights,RunStatus
1,Base,None,1,1,483,RA-ALA,547,17.3524910323008,11.3245629876655,119.724809649217,0.828952120413791,0.337231705673082,0,1,283.8029921,1.2459351,0,ok
1,Base,None,1,1,483,Energy-A*,558,21.2527116435581,14.0268246878676,100.851736712908,0.445377793962028,0.54947002284923,0,1,1.9022361,0.0623558,1,ok
1,Base,None,1,1,483,Informed-RRT*,569,298.003814920212,13.7728347140951,106.889570492101,2.17720771886109,0.186454374309645,2.77121274604531,0,15.075465,0.0753473,1,ok
1,Base,None,1,1,483,ST-EA*,580,NaN,NaN,NaN,NaN,NaN,NaN,0,15.0133122,NaN,0,failed: WeightSensitivity:EmptySTPath
1,Base,None,1,1,483,Greedy,591,3415.38837842326,45.6144575936359,176.42408284087,7.93932212139834,0.554166886235424,33.4688340703414,0,0.1238384,0.0892563,1,ok
1,Base,None,1,2,638,RA-ALA,702,14.8647591132087,10.6185146313807,111.659938576018,0.939669618815655,0.00509844174793028,0.0138542133858391,0,213.3182778,0.5910812,0,ok
1,Base,None,1,2,638,Energy-A*,713,163.347328614456,10.2158841628231,106.620041617642,0.440618933173671,0,1.51361706238471,0,8.9936614,0.0625631,1,ok
1,Base,None,1,2,638,Informed-RRT*,724,247.464467918013,9.35981002657458,109.131802903723,0,0.0299809227431196,2.36895416973143,0,0.0037995,0.0537182,1,ok
1,Base,None,1,2,638,ST-EA*,735,NaN,NaN,NaN,NaN,NaN,NaN,0,0.0345018,NaN,0,failed: WeightSensitivity:EmptySTPath
1,Base,None,1,2,638,Greedy,746,2084.78885099314,28.5255429127644,185.74587336343,3.96448525192097,0.14877727678187,20.4529868253069,0,0.1233476,0.0695678,1,ok
1,Base,None,1,3,855,RA-ALA,919,20.4331635817367,14.8674959365084,150.016207583098,2.13136320906777,0.00528061639002438,0,1,273.1207633,0.8042146,0,ok
1,Base,None,1,3,855,Energy-A*,930,116.574390981121,8.79033418480172,83.0001275630498,0.444044203750937,0.169302246363636,1.04511278195489,0,4.6073735,0.0589007,1,ok
1,Base,None,1,3,855,Informed-RRT*,941,12.6048181863127,9.95596749157025,99.1077878098506,0.879997106446698,0.00629582501003475,0,1,15.0700175,0.0645921,1,ok
1,Base,None,1,3,855,ST-EA*,952,10.0800733444076,8.38453784396089,81.5453060984331,0.444044203750937,0.0127902875457885,0,1,3.2271947,NaN,0,ok
1,Base,None,1,3,855,Greedy,963,3257.16287616287,60.2310654185118,221.607729915636,6.78785810564997,0.169580331654052,31.7981356013388,0,0.1103635,0.0770404,1,ok
1,Base,None,1,4,948,RA-ALA,1012,10.9313609298401,8.97921933541251,96.5865526201693,0.56039946180727,0.00264547323116751,0,1,210.1062191,0.8343872,0,ok
1,Base,None,1,4,948,Energy-A*,1023,24.0285396755842,8.11719732339624,91.0482640523603,0,0.00418925317058193,0.151107142867125,0,15.0017779,0.055112,1,ok
1,Base,None,1,4,948,Informed-RRT*,1034,43.023313441915,19.1814567777571,153.021363786084,3.12862709100389,0.0112074556145535,0.161973498944539,0,15.0819432,0.0837182,1,ok
1,Base,None,1,4,948,ST-EA*,1045,13.4536070337272,11.7463889873837,92.9365036966795,0.454952557844741,0.00228420665150018,0,1,2.027196,NaN,0,ok
1,Base,None,1,4,948,Greedy,1056,1964.11031107229,84.2653519525091,343.809684746618,9.05936586639536,0.995557950269208,18.4890556717808,0,0.1199619,0.08657,1,ok
1,Base,None,1,5,1041,RA-ALA,1105,12.5052171114718,9.4083593353988,95.7665035660175,1.14940178984476,0,0,1,262.0222115,0.6453757,0,ok
1,Base,None,1,5,1041,Energy-A*,1116,326.947438631726,9.22050665173476,84.4196363215675,0.441646631261612,0.000454171750552154,3.16135600030616,0,15.0704164,0.0582653,1,ok
1,Base,None,1,5,1041,Informed-RRT*,1127,216.387427191812,6.81273540827646,69.3828678263447,0,0,2.08996501218316,0,15.0083963,0.0524511,1,ok
1,Base,None,1,5,1041,ST-EA*,1138,NaN,NaN,NaN,NaN,NaN,NaN,0,15.0084536,NaN,0,failed: WeightSensitivity:EmptySTPath
1,Base,None,1,5,1041,Greedy,1149,4050.79120984772,47.7124549074291,201.339193623177,6.08870637728634,0.289456287744071,39.8632895269475,0,0.1111316,0.0777973,1,ok
1,Base,None,1,6,1103,RA-ALA,1167,7.05085178826035,5.90269331588075,58.7603409963748,0.286105346371748,0.00862782713329787,0,1,215.0393367,0.5634766,0,ok
1,Base,None,1,6,1103,Energy-A*,1178,62.4774299296776,5.93385287764569,55.6772671405548,0,0.00811680597028711,0.559984317661578,0,15.00418,0.0529542,1,ok
1,Base,None,1,6,1103,Informed-RRT*,1189,62.4774299296776,5.93385287764569,55.6772671405548,0,0.00811680597028711,0.559984317661578,0,15.0160866,0.0528908,1,ok
1,Base,None,1,6,1103,ST-EA*,1200,9.15067694141527,7.72377541334994,63.8900232926744,0.44152631500133,0.00114320372903833,0,1,1.3182405,NaN,0,ok
1,Base,None,1,6,1103,Greedy,1211,12404.3605676054,73.3557602709893,398.980846558556,10.3755752802698,1.58546569199948,122.910741594659,0,0.3601363,0.238341,1,ok
1,Base,None,1,7,1227,RA-ALA,1291,15.7966813033688,11.2854015419929,104.997338181976,1.81049576642022,0.00153104103522934,0,1,207.0491558,0.6108135,0,ok
1,Base,None,1,7,1227,Energy-A*,1302,12.1233890860294,10.3032629189982,111.436477894095,0.445744425623543,0,0,1,4.195197,0.064837,1,ok
1,Base,None,1,7,1227,Informed-RRT*,1313,66.623670163483,11.2929875310122,125.36135568022,0.934113874906086,0.106642556730551,0.513513513513514,0,15.079919,0.0770754,1,ok
1,Base,None,1,7,1227,ST-EA*,1324,11.3935111413448,9.66921226716914,99.9372027514302,0.445744425623543,0,0,1,9.0654966,NaN,0,ok
1,Base,None,1,7,1227,Greedy,1335,2642.88389800723,91.2665909277939,322.980945528682,8.65290985223017,1.1780839634881,25.1983913986069,0,0.1200925,0.0855351,1,ok
1,Base,None,1,8,1475,RA-ALA,1539,7.6568105357582,6.53816576068857,63.5748014871681,0.294427381338279,0,0,1,207.2454764,0.5875578,0,ok
1,Base,None,1,8,1475,Energy-A*,1550,10.5319785047296,8.9848335450685,79.9761556593677,0.440338497916537,0,0,1,3.5854642,0.0683175,1,ok
1,Base,None,1,8,1475,Informed-RRT*,1561,9.63667708777805,7.23797750765228,65.51020517092,0.926389116086667,2.97152810840509e-07,0,1,15.0902857,0.0599578,1,ok
1,Base,None,1,8,1475,ST-EA*,1572,8.33604935182957,6.90735351594626,60.0870773257495,0.463985095751033,0,0,1,2.8546348,NaN,0,ok
1,Base,None,1,8,1475,Greedy,1583,9284.10829985125,79.5436443089229,225.446828237379,16.4738525606885,0.157119404644307,91.6816703280586,0,0.1441942,0.1141762,1,ok
1,Base,None,1,9,2312,RA-ALA,2376,10.8568623219723,8.0339218724213,75.3664047251845,1.09374407570855,0.000739892542401339,0,1,225.7623661,0.5854843,0,ok
1,Base,None,1,9,2312,Energy-A*,2387,12.4447663164459,8.46304862906453,80.8136758756369,0.448785444702423,0.241069949901284,0,1,1.7741082,0.0592837,1,ok
1,Base,None,1,9,2312,Informed-RRT*,2398,125.067051778505,9.15157739687103,93.6021719146955,1.27683914702271,0.0454922808380126,1.1212685517992,0,15.0673637,0.062731,1,ok
1,Base,None,1,9,2312,ST-EA*,2409,11.0575176493341,9.48035307267035,80.6106112124641,0.448785444702423,0.000783859382165446,0,1,7.5863431,NaN,0,ok
1,Base,None,1,9,2312,Greedy,2420,8274.11315066841,76.4699880573946,246.043175503947,13.6390420451458,0.289905173286125,81.6541566699199,0,0.1460916,0.1070616,1,ok
1,Base,None,1,10,2560,RA-ALA,2624,10.9225705760482,7.80898721587387,76.7961727878904,1.20517439351441,0.00632664665797559,0,1,209.9144006,0.86505,0,ok
1,Base,None,1,10,2560,Energy-A*,2635,27.4538565399466,8.49204585676245,77.9382152958599,0.464147717544105,0.0709719422814027,0.166743106978164,0,3.5993322,0.0572766,1,ok
1,Base,None,1,10,2560,Informed-RRT*,2646,25.2915147875278,9.13222638800016,91.3086833948442,1.00690696306578,0.0176684138044616,0.132078846403944,0,15.0770378,0.0624646,1,ok
1,Base,None,1,10,2560,ST-EA*,2657,NaN,NaN,NaN,NaN,NaN,NaN,0,0.0287089,NaN,0,failed: WeightSensitivity:EmptySTPath
1,Base,None,1,10,2560,Greedy,2668,2137.23226614169,55.7361204853682,205.004303151231,7.94556717861246,0.175074911746939,20.621458929887,0,0.1294068,0.0947049,1,ok
2,Energy 0.5x,Energy,0.5,1,483,RA-ALA,547,10.7070441075245,10.3664035346107,99.8671891310238,1.04076108803035,0.261009358806656,0,1,253.0798686,1.0117262,0,ok
2,Energy 0.5x,Energy,0.5,1,483,Energy-A*,558,14.2392992996244,14.0268246878676,100.851736712908,0.445377793962028,0.54947002284923,0,1,1.9022361,0.0599265,1,ok
2,Energy 0.5x,Energy,0.5,1,483,Informed-RRT*,569,291.117397563164,13.7728347140951,106.889570492101,2.17720771886109,0.186454374309645,2.77121274604531,0,15.075465,0.0723448,1,ok
2,Energy 0.5x,Energy,0.5,1,483,ST-EA*,580,NaN,NaN,NaN,NaN,NaN,NaN,0,15.0094374,NaN,0,failed: WeightSensitivity:EmptySTPath
2,Energy 0.5x,Energy,0.5,1,483,Greedy,591,3392.58114962645,45.6144575936359,176.42408284087,7.93932212139834,0.554166886235424,33.4688340703414,0,0.1238384,0.0868502,1,ok
2,Energy 0.5x,Energy,0.5,2,638,RA-ALA,702,12.5961819924248,11.8872570204409,112.19315427369,1.86463426654025,0.0654889076699902,0.0133345292014322,0,213.5966276,0.602705,0,ok
2,Energy 0.5x,Energy,0.5,2,638,Energy-A*,713,158.239386533044,10.2158841628231,106.620041617642,0.440618933173671,0,1.51361706238471,0,8.9936614,0.0605297,1,ok
2,Energy 0.5x,Energy,0.5,2,638,Informed-RRT*,724,242.784562904726,9.35981002657458,109.131802903723,0,0.0299809227431196,2.36895416973143,0,0.0037995,0.0530155,1,ok
2,Energy 0.5x,Energy,0.5,2,638,ST-EA*,735,NaN,NaN,NaN,NaN,NaN,NaN,0,0.0334588,NaN,0,failed: WeightSensitivity:EmptySTPath
2,Energy 0.5x,Energy,0.5,2,638,Greedy,746,2070.52607953676,28.5255429127644,185.74587336343,3.96448525192097,0.14877727678187,20.4529868253069,0,0.1233476,0.0683135,1,ok
2,Energy 0.5x,Energy,0.5,3,855,RA-ALA,919,13.8996673790692,16.5526871608055,146.955802805651,1.76929100677543,0.0860110095068526,0,1,274.5532546,0.8453987,0,ok
2,Energy 0.5x,Energy,0.5,3,855,Energy-A*,930,112.17922388872,8.79033418480172,83.0001275630498,0.444044203750937,0.169302246363636,1.04511278195489,0,4.6073735,0.0585281,1,ok
2,Energy 0.5x,Energy,0.5,3,855,Informed-RRT*,941,7.62683444052762,9.95596749157025,99.1077878098506,0.879997106446698,0.00629582501003475,0,1,15.0700175,0.0666136,1,ok
2,Energy 0.5x,Energy,0.5,3,855,ST-EA*,952,5.86915203454713,8.43648030563664,82.1549206924214,0.444044203750937,0.00781991351234307,0,1,3.5952256,NaN,0,ok
2,Energy 0.5x,Energy,0.5,3,855,Greedy,963,3227.04734345361,60.2310654185118,221.607729915636,6.78785810564997,0.169580331654052,31.7981356013388,0,0.1103635,0.0875695,1,ok
2,Energy 0.5x,Energy,0.5,4,948,RA-ALA,1012,6.61926669836045,8.94098432786595,95.3331820059968,0.649224069972647,0.00558832110988717,0,1,206.5808908,0.8383178,0,ok
2,Energy 0.5x,Energy,0.5,4,948,Energy-A*,1023,19.9699410138861,8.11719732339624,91.0482640523603,0,0.00418925317058193,0.151107142867125,0,15.0017779,0.0522888,1,ok
2,Energy 0.5x,Energy,0.5,4,948,Informed-RRT*,1034,33.4325850530364,19.1814567777571,153.021363786084,3.12862709100389,0.0112074556145535,0.161973498944539,0,15.0819432,0.0757068,1,ok
2,Energy 0.5x,Energy,0.5,4,948,ST-EA*,1045,8.41133217081636,13.3626231938655,96.4802424004048,0.454952557844741,0.0016113438190773,0,1,2.972089,NaN,0,ok
2,Energy 0.5x,Energy,0.5,4,948,Greedy,1056,1921.97763509604,84.2653519525091,343.809684746618,9.05936586639536,0.995557950269208,18.4890556717808,0,0.1199619,0.0867862,1,ok
2,Energy 0.5x,Energy,0.5,5,1041,RA-ALA,1105,11.4681092905024,12.142615124467,99.3712827808746,2.28435385254746,0,0,1,269.6051511,0.6992526,0,ok
2,Energy 0.5x,Energy,0.5,5,1041,Energy-A*,1116,322.337185305859,9.22050665173476,84.4196363215675,0.441646631261612,0.000454171750552154,3.16135600030616,0,15.0704164,0.0572821,1,ok
2,Energy 0.5x,Energy,0.5,5,1041,Informed-RRT*,1127,212.981059487673,6.81273540827646,69.3828678263447,0,0,2.08996501218316,0,15.0083963,0.0518678,1,ok
2,Energy 0.5x,Energy,0.5,5,1041,ST-EA*,1138,NaN,NaN,NaN,NaN,NaN,NaN,0,15.0027943,NaN,0,failed: WeightSensitivity:EmptySTPath
2,Energy 0.5x,Energy,0.5,5,1041,Greedy,1149,4026.93498239401,47.7124549074291,201.339193623177,6.08870637728634,0.289456287744071,39.8632895269475,0,0.1111316,0.0757163,1,ok
2,Energy 0.5x,Energy,0.5,6,1103,RA-ALA,1167,4.5967426941841,6.15904271318243,60.7492345195786,0.502974999013303,0.000502771856979149,0,1,216.5118755,0.566605,0,ok
2,Energy 0.5x,Energy,0.5,6,1103,Energy-A*,1178,59.5105034908548,5.93385287764569,55.6772671405548,0,0.00811680597028711,0.559984317661578,0,15.00418,0.0560302,1,ok
2,Energy 0.5x,Energy,0.5,6,1103,Informed-RRT*,1189,59.5105034908548,5.93385287764569,55.6772671405548,0,0.00811680597028711,0.559984317661578,0,15.0160866,0.0533924,1,ok
2,Energy 0.5x,Energy,0.5,6,1103,ST-EA*,1200,5.2887892347403,7.72377541334994,63.8900232926744,0.44152631500133,0.00114320372903833,0,1,1.5336447,NaN,0,ok
2,Energy 0.5x,Energy,0.5,6,1103,Greedy,1211,12367.6826874699,73.3557602709893,398.980846558556,10.3755752802698,1.58546569199948,122.910741594659,0,0.3601363,0.2395957,1,ok
2,Energy 0.5x,Energy,0.5,7,1227,RA-ALA,1291,13.0375317490687,13.6612537433912,110.046613065052,2.64385412967373,0.000214150915018212,0,1,209.4473406,0.6174573,0,ok
2,Energy 0.5x,Energy,0.5,7,1227,Energy-A*,1302,6.97175762653031,10.3032629189982,111.436477894095,0.445744425623543,0,0,1,4.195197,0.0644125,1,ok
2,Energy 0.5x,Energy,0.5,7,1227,Informed-RRT*,1313,60.977176397977,11.2929875310122,125.36135568022,0.934113874906086,0.106642556730551,0.513513513513514,0,15.079919,0.0864298,1,ok
2,Energy 0.5x,Energy,0.5,7,1227,ST-EA*,1324,6.39728965268337,9.37367926725122,98.2753401372807,0.445744425623543,0,0,1,9.6565088,NaN,0,ok
2,Energy 0.5x,Energy,0.5,7,1227,Greedy,1335,2597.25060254334,91.2665909277939,322.980945528682,8.65290985223017,1.1780839634881,25.1983913986069,0,0.1200925,0.0864963,1,ok
2,Energy 0.5x,Energy,0.5,8,1475,RA-ALA,1539,4.45138700706241,6.6393154919917,61.957154191375,0.307709821402549,0,0,1,208.4049901,0.5857546,0,ok
2,Energy 0.5x,Energy,0.5,8,1475,Energy-A*,1550,6.03956173219539,8.9848335450685,79.9761556593677,0.440338497916537,0,0,1,3.5854642,0.0681833,1,ok
2,Energy 0.5x,Energy,0.5,8,1475,Informed-RRT*,1561,6.01768833395192,7.23797750765228,65.51020517092,0.926389116086667,2.97152810840509e-07,0,1,15.0902857,0.0610234,1,ok
2,Energy 0.5x,Energy,0.5,8,1475,ST-EA*,1572,4.87437203385879,6.89037639025209,60.1456376676817,0.463985095751033,0,0,1,5.7317719,NaN,0,ok
2,Energy 0.5x,Energy,0.5,8,1475,Greedy,1583,9244.33647769679,79.5436443089229,225.446828237379,16.4738525606885,0.157119404644307,91.6816703280586,0,0.1441942,0.111864,1,ok
2,Energy 0.5x,Energy,0.5,9,2312,RA-ALA,2376,7.75078637160866,9.00195922509735,84.3149323151009,1.24582498613444,0.00555323508319287,0,1,238.3482584,0.6306548,0,ok
2,Energy 0.5x,Energy,0.5,9,2312,Energy-A*,2387,8.2132420019136,8.46304862906453,80.8136758756369,0.448785444702423,0.241069949901284,0,1,1.7741082,0.0650221,1,ok
2,Energy 0.5x,Energy,0.5,9,2312,Informed-RRT*,2398,120.49126308007,9.15157739687103,93.6021719146955,1.27683914702271,0.0454922808380126,1.1212685517992,0,15.0673637,0.0664046,1,ok
2,Energy 0.5x,Energy,0.5,9,2312,ST-EA*,2409,6.31272732206599,9.49013337487406,80.3518692561646,0.448785444702423,4.90834756077977e-05,0,1,7.4150626,NaN,0,ok
2,Energy 0.5x,Energy,0.5,9,2312,Greedy,2420,8235.87815663971,76.4699880573946,246.043175503947,13.6390420451458,0.289905173286125,81.6541566699199,0,0.1460916,0.1107437,1,ok
2,Energy 0.5x,Energy,0.5,10,2560,RA-ALA,2624,19.6168527795215,8.85186795447743,82.0444193374579,1.56142208973868,0.00874531209971635,0.112969180073295,0,215.4099819,0.9025354,0,ok
2,Energy 0.5x,Energy,0.5,10,2560,Energy-A*,2635,23.2078336115654,8.49204585676245,77.9382152958599,0.464147717544105,0.0709719422814027,0.166743106978164,0,3.5993322,0.0580668,1,ok
2,Energy 0.5x,Energy,0.5,10,2560,Informed-RRT*,2646,20.7254015935277,9.13222638800016,91.3086833948442,1.00690696306578,0.0176684138044616,0.132078846403944,0,15.0770378,0.0632752,1,ok
2,Energy 0.5x,Energy,0.5,10,2560,ST-EA*,2657,NaN,NaN,NaN,NaN,NaN,NaN,0,0.0310908,NaN,0,failed: WeightSensitivity:EmptySTPath
2,Energy 0.5x,Energy,0.5,10,2560,Greedy,2668,2109.36420589901,55.7361204853682,205.004303151231,7.94556717861246,0.175074911746939,20.621458929887,0,0.1294068,0.0829555,1,ok
3,Energy 1.5x,Energy,1.5,1,483,RA-ALA,547,19.7831638658596,9.31467589454028,99.1409485400922,0.968712076294224,0.304755130029332,0,1,252.7251971,0.9899398,0,ok
3,Energy 1.5x,Energy,1.5,1,483,Energy-A*,558,28.2661239874919,14.0268246878676,100.851736712908,0.445377793962028,0.54947002284923,0,1,1.9022361,0.0605561,1,ok
3,Energy 1.5x,Energy,1.5,1,483,Informed-RRT*,569,304.890232277259,13.7728347140951,106.889570492101,2.17720771886109,0.186454374309645,2.77121274604531,0,15.075465,0.0733491,1,ok
3,Energy 1.5x,Energy,1.5,1,483,ST-EA*,580,NaN,NaN,NaN,NaN,NaN,NaN,0,15.0091926,NaN,0,failed: WeightSensitivity:EmptySTPath
3,Energy 1.5x,Energy,1.5,1,483,Greedy,591,3438.19560722008,45.6144575936359,176.42408284087,7.93932212139834,0.554166886235424,33.4688340703414,0,0.1238384,0.0878196,1,ok
3,Energy 1.5x,Energy,1.5,2,638,RA-ALA,702,23.1993922646159,12.536615463148,116.725339274095,1.40707629757831,0.0607605314119822,0,1,209.9357262,0.5774947,0,ok
3,Energy 1.5x,Energy,1.5,2,638,Energy-A*,713,168.455270695867,10.2158841628231,106.620041617642,0.440618933173671,0,1.51361706238471,0,8.9936614,0.0597572,1,ok
3,Energy 1.5x,Energy,1.5,2,638,Informed-RRT*,724,252.1443729313,9.35981002657458,109.131802903723,0,0.0299809227431196,2.36895416973143,0,0.0037995,0.051789,1,ok
3,Energy 1.5x,Energy,1.5,2,638,ST-EA*,735,NaN,NaN,NaN,NaN,NaN,NaN,0,0.0320615,NaN,0,failed: WeightSensitivity:EmptySTPath
3,Energy 1.5x,Energy,1.5,2,638,Greedy,746,2099.05162244952,28.5255429127644,185.74587336343,3.96448525192097,0.14877727678187,20.4529868253069,0,0.1233476,0.0680414,1,ok
3,Energy 1.5x,Energy,1.5,3,855,RA-ALA,919,27.1695500514847,14.6224491577034,147.300853480304,1.91137583083626,0.0185617540921213,0,1,271.1233045,0.8064066,0,ok
3,Energy 1.5x,Energy,1.5,3,855,Energy-A*,930,120.969558073522,8.79033418480172,83.0001275630498,0.444044203750937,0.169302246363636,1.04511278195489,0,4.6073735,0.0596193,1,ok
3,Energy 1.5x,Energy,1.5,3,855,Informed-RRT*,941,17.5828019320979,9.95596749157025,99.1077878098506,0.879997106446698,0.00629582501003475,0,1,15.0700175,0.0670725,1,ok
3,Energy 1.5x,Energy,1.5,3,855,ST-EA*,952,13.8274108376338,7.95251381276922,80.755770778081,0.444044203750937,0.0337586954494071,0,1,2.8080708,NaN,0,ok
3,Energy 1.5x,Energy,1.5,3,855,Greedy,963,3287.27840887212,60.2310654185118,221.607729915636,6.78785810564997,0.169580331654052,31.7981356013388,0,0.1103635,0.0794876,1,ok
3,Energy 1.5x,Energy,1.5,4,948,RA-ALA,1012,16.5527210683,9.21950766813005,95.7603550628828,0.949744329380652,0.00259679484862498,0,1,208.6802944,0.8312426,0,ok
3,Energy 1.5x,Energy,1.5,4,948,Energy-A*,1023,28.0871383372823,8.11719732339624,91.0482640523603,0,0.00418925317058193,0.151107142867125,0,15.0017779,0.0524241,1,ok
3,Energy 1.5x,Energy,1.5,4,948,Informed-RRT*,1034,52.6140418307935,19.1814567777571,153.021363786084,3.12862709100389,0.0112074556145535,0.161973498944539,0,15.0819432,0.0748256,1,ok
3,Energy 1.5x,Energy,1.5,4,948,ST-EA*,1045,16.4897761645671,9.84364590804677,90.0412435802537,0.454952557844741,0.00640584903053956,0,1,2.0161167,NaN,0,ok
3,Energy 1.5x,Energy,1.5,4,948,Greedy,1056,2006.24298704855,84.2653519525091,343.809684746618,9.05936586639536,0.995557950269208,18.4890556717808,0,0.1199619,0.0924764,1,ok
3,Energy 1.5x,Energy,1.5,5,1041,RA-ALA,1105,18.6089963415381,10.3193235035229,98.8276960733756,1.15123095875854,0.000398503479190915,0,1,260.1092063,0.6751374,0,ok
3,Energy 1.5x,Energy,1.5,5,1041,Energy-A*,1116,331.557691957594,9.22050665173476,84.4196363215675,0.441646631261612,0.000454171750552154,3.16135600030616,0,15.0704164,0.0611599,1,ok
3,Energy 1.5x,Energy,1.5,5,1041,Informed-RRT*,1127,219.79379489595,6.81273540827646,69.3828678263447,0,0,2.08996501218316,0,15.0083963,0.0515305,1,ok
3,Energy 1.5x,Energy,1.5,5,1041,ST-EA*,1138,NaN,NaN,NaN,NaN,NaN,NaN,0,15.0207581,NaN,0,failed: WeightSensitivity:EmptySTPath
3,Energy 1.5x,Energy,1.5,5,1041,Greedy,1149,4074.64743730143,47.7124549074291,201.339193623177,6.08870637728634,0.289456287744071,39.8632895269475,0,0.1111316,0.0757746,1,ok
3,Energy 1.5x,Energy,1.5,6,1103,RA-ALA,1167,11.3717238058952,6.08731573593181,59.3866651746058,0.861994990420476,0.00218713447014586,0,1,211.9779551,0.5633932,0,ok
3,Energy 1.5x,Energy,1.5,6,1103,Energy-A*,1178,65.4443563685005,5.93385287764569,55.6772671405548,0,0.00811680597028711,0.559984317661578,0,15.00418,0.0518171,1,ok
3,Energy 1.5x,Energy,1.5,6,1103,Informed-RRT*,1189,65.4443563685005,5.93385287764569,55.6772671405548,0,0.00811680597028711,0.559984317661578,0,15.0160866,0.055345,1,ok
3,Energy 1.5x,Energy,1.5,6,1103,ST-EA*,1200,12.9918502607702,7.70846157629591,64.1584477842276,0.44152631500133,0.00114515347884176,0,1,1.2409881,NaN,0,ok
3,Energy 1.5x,Energy,1.5,6,1103,Greedy,1211,12441.0384477409,73.3557602709893,398.980846558556,10.3755752802698,1.58546569199948,122.910741594659,0,0.3601363,0.2402469,1,ok
3,Energy 1.5x,Energy,1.5,7,1227,RA-ALA,1291,19.6425451120093,10.5980414278726,102.231323067547,1.44458415134127,0.000438697528825626,0,1,207.5426686,0.575501,0,ok
3,Energy 1.5x,Energy,1.5,7,1227,Energy-A*,1302,17.2750205455285,10.3032629189982,111.436477894095,0.445744425623543,0,0,1,4.195197,0.0631639,1,ok
3,Energy 1.5x,Energy,1.5,7,1227,Informed-RRT*,1313,72.2701639289891,11.2929875310122,125.36135568022,0.934113874906086,0.106642556730551,0.513513513513514,0,15.079919,0.0772745,1,ok
3,Energy 1.5x,Energy,1.5,7,1227,ST-EA*,1324,16.2281172749294,9.66921226716914,99.9372027514302,0.445744425623543,0,0,1,8.8102734,NaN,0,ok
3,Energy 1.5x,Energy,1.5,7,1227,Greedy,1335,2688.51719347113,91.2665909277939,322.980945528682,8.65290985223017,1.1780839634881,25.1983913986069,0,0.1200925,0.0872521,1,ok
3,Energy 1.5x,Energy,1.5,8,1475,RA-ALA,1539,11.3327280261603,6.67763612692075,64.8709672108096,0.387841221177864,0,0,1,206.06651,0.6030239,0,ok
3,Energy 1.5x,Energy,1.5,8,1475,Energy-A*,1550,15.0243952772639,8.9848335450685,79.9761556593677,0.440338497916537,0,0,1,3.5854642,0.0665733,1,ok
3,Energy 1.5x,Energy,1.5,8,1475,Informed-RRT*,1561,13.2556658416042,7.23797750765228,65.51020517092,0.926389116086667,2.97152810840509e-07,0,1,15.0902857,0.0613453,1,ok
3,Energy 1.5x,Energy,1.5,8,1475,ST-EA*,1572,11.7353265235339,6.87089965652435,60.1208216694354,0.463985095751033,0,0,1,1.8207423,NaN,0,ok
3,Energy 1.5x,Energy,1.5,8,1475,Greedy,1583,9323.88012200571,79.5436443089229,225.446828237379,16.4738525606885,0.157119404644307,91.6816703280586,0,0.1441942,0.1168181,1,ok
3,Energy 1.5x,Energy,1.5,9,2312,RA-ALA,2376,17.329066372665,8.65510119222058,74.4611383137765,1.78413682585145,0.015763144668308,0,1,235.5171528,0.630331,0,ok
3,Energy 1.5x,Energy,1.5,9,2312,Energy-A*,2387,16.6762906309781,8.46304862906453,80.8136758756369,0.448785444702423,0.241069949901284,0,1,1.7741082,0.0641527,1,ok
3,Energy 1.5x,Energy,1.5,9,2312,Informed-RRT*,2398,129.642840476941,9.15157739687103,93.6021719146955,1.27683914702271,0.0454922808380126,1.1212685517992,0,15.0673637,0.062589,1,ok
3,Energy 1.5x,Energy,1.5,9,2312,ST-EA*,2409,15.7976941856692,9.48035307267035,80.6106112124642,0.448785444702423,0.000783859382165446,0,1,7.713545,NaN,0,ok
3,Energy 1.5x,Energy,1.5,9,2312,Greedy,2420,8312.3481446971,76.4699880573946,246.043175503947,13.6390420451458,0.289905173286125,81.6541566699199,0,0.1460916,0.10987,1,ok
3,Energy 1.5x,Energy,1.5,10,2560,RA-ALA,2624,15.8844930093465,8.4871752821767,77.0942450273556,1.2272871213028,0.00567038015812318,0,1,211.1858521,0.8538038,0,ok
3,Energy 1.5x,Energy,1.5,10,2560,Energy-A*,2635,31.6998794683278,8.49204585676245,77.9382152958599,0.464147717544105,0.0709719422814027,0.166743106978164,0,3.5993322,0.0578158,1,ok
3,Energy 1.5x,Energy,1.5,10,2560,Informed-RRT*,2646,29.8576279815279,9.13222638800016,91.3086833948442,1.00690696306578,0.0176684138044616,0.132078846403944,0,15.0770378,0.0679498,1,ok
3,Energy 1.5x,Energy,1.5,10,2560,ST-EA*,2657,NaN,NaN,NaN,NaN,NaN,NaN,0,0.0327849,NaN,0,failed: WeightSensitivity:EmptySTPath
3,Energy 1.5x,Energy,1.5,10,2560,Greedy,2668,2165.10032638437,55.7361204853682,205.004303151231,7.94556717861246,0.175074911746939,20.621458929887,0,0.1294068,0.0838202,1,ok
4,Time 0.5x,Time,0.5,1,483,RA-ALA,547,16.8559768412031,11.3273090123866,119.741633546547,0.829196204502057,0.337135194670174,0,1,279.2891568,1.153025,0,ok
4,Time 0.5x,Time,0.5,1,483,Energy-A*,558,20.832496073921,14.0268246878676,100.851736712908,0.445377793962028,0.54947002284923,0,1,1.9022361,0.0608614,1,ok
4,Time 0.5x,Time,0.5,1,483,Informed-RRT*,569,297.558441709828,13.7728347140951,106.889570492101,2.17720771886109,0.186454374309645,2.77121274604531,0,15.075465,0.0749782,1,ok
4,Time 0.5x,Time,0.5,1,483,ST-EA*,580,NaN,NaN,NaN,NaN,NaN,NaN,0,15.0135575,NaN,0,failed: WeightSensitivity:EmptySTPath
4,Time 0.5x,Time,0.5,1,483,Greedy,591,3414.65327807809,45.6144575936359,176.42408284087,7.93932212139834,0.554166886235424,33.4688340703414,0,0.1238384,0.0888311,1,ok
4,Time 0.5x,Time,0.5,2,638,RA-ALA,702,13.6778362289046,11.0265525556871,116.123875524685,0.85562620707102,0.0182823007296701,0.00273358770425887,0,215.8208218,0.5960437,0,ok
4,Time 0.5x,Time,0.5,2,638,Energy-A*,713,162.903078441049,10.2158841628231,106.620041617642,0.440618933173671,0,1.51361706238471,0,8.9936614,0.0577645,1,ok
4,Time 0.5x,Time,0.5,2,638,Informed-RRT*,724,247.009752072581,9.35981002657458,109.131802903723,0,0.0299809227431196,2.36895416973143,0,0.0037995,0.0535059,1,ok
4,Time 0.5x,Time,0.5,2,638,ST-EA*,735,NaN,NaN,NaN,NaN,NaN,NaN,0,0.033177,NaN,0,failed: WeightSensitivity:EmptySTPath
4,Time 0.5x,Time,0.5,2,638,Greedy,746,2084.01490985413,28.5255429127644,185.74587336343,3.96448525192097,0.14877727678187,20.4529868253069,0,0.1233476,0.067711,1,ok
4,Time 0.5x,Time,0.5,3,855,RA-ALA,919,19.8063225127724,14.8485814230975,149.826112401403,2.14002753858244,0.00534105441707831,0,1,272.9211613,0.8133156,0,ok
4,Time 0.5x,Time,0.5,3,855,Energy-A*,930,116.228557116275,8.79033418480172,83.0001275630498,0.444044203750937,0.169302246363636,1.04511278195489,0,4.6073735,0.0574057,1,ok
4,Time 0.5x,Time,0.5,3,855,Informed-RRT*,941,12.1918690704384,9.95596749157025,99.1077878098506,0.879997106446698,0.00629582501003475,0,1,15.0700175,0.0665965,1,ok
4,Time 0.5x,Time,0.5,3,855,ST-EA*,952,9.74030123566412,8.38453784396089,81.5453060984331,0.444044203750937,0.0127902875457885,0,1,3.1122159,NaN,0,ok
4,Time 0.5x,Time,0.5,3,855,Greedy,963,3256.23951062155,60.2310654185118,221.607729915636,6.78785810564997,0.169580331654052,31.7981356013388,0,0.1103635,0.0757603,1,ok
4,Time 0.5x,Time,0.5,4,948,RA-ALA,1012,10.8344628971877,8.96171082591477,97.0247660070968,0.70757595607355,0.00533303007628707,0,1,208.6152701,0.8413624,0,ok
4,Time 0.5x,Time,0.5,4,948,Energy-A*,1023,23.6491719086994,8.11719732339624,91.0482640523603,0,0.00418925317058193,0.151107142867125,0,15.0017779,0.051794,1,ok
4,Time 0.5x,Time,0.5,4,948,Informed-RRT*,1034,42.3857244261396,19.1814567777571,153.021363786084,3.12862709100389,0.0112074556145535,0.161973498944539,0,15.0819432,0.07596,1,ok
4,Time 0.5x,Time,0.5,4,948,ST-EA*,1045,13.0663716016577,11.7463889873837,92.9365036966795,0.454952557844741,0.00228420665150018,0,1,2.0623403,NaN,0,ok
4,Time 0.5x,Time,0.5,4,948,Greedy,1056,1962.67777071918,84.2653519525091,343.809684746618,9.05936586639536,0.995557950269208,18.4890556717808,0,0.1199619,0.0871673,1,ok
4,Time 0.5x,Time,0.5,5,1041,RA-ALA,1105,12.112731073648,9.41260915352518,95.7621695046976,1.15055644025995,0,0,1,263.3458573,0.681597,0,ok
4,Time 0.5x,Time,0.5,5,1041,Energy-A*,1116,326.595690147053,9.22050665173476,84.4196363215675,0.441646631261612,0.000454171750552154,3.16135600030616,0,15.0704164,0.0613637,1,ok
4,Time 0.5x,Time,0.5,5,1041,Informed-RRT*,1127,216.098331909202,6.81273540827646,69.3828678263447,0,0,2.08996501218316,0,15.0083963,0.0551571,1,ok
4,Time 0.5x,Time,0.5,5,1041,ST-EA*,1138,NaN,NaN,NaN,NaN,NaN,NaN,0,15.0132795,NaN,0,failed: WeightSensitivity:EmptySTPath
4,Time 0.5x,Time,0.5,5,1041,Greedy,1149,4049.95229654096,47.7124549074291,201.339193623177,6.08870637728634,0.289456287744071,39.8632895269475,0,0.1111316,0.0756876,1,ok
4,Time 0.5x,Time,0.5,6,1103,RA-ALA,1167,7.46274258865234,6.11572921935198,60.6311385054926,0.540746640066525,0.00128903453944329,0,1,213.5866113,0.5761044,0,ok
4,Time 0.5x,Time,0.5,6,1103,Energy-A*,1178,62.245441316592,5.93385287764569,55.6772671405548,0,0.00811680597028711,0.559984317661578,0,15.00418,0.0556582,1,ok
4,Time 0.5x,Time,0.5,6,1103,Informed-RRT*,1189,62.245441316592,5.93385287764569,55.6772671405548,0,0.00811680597028711,0.559984317661578,0,15.0160866,0.0523563,1,ok
4,Time 0.5x,Time,0.5,6,1103,ST-EA*,1200,8.8702926068546,7.70846157629591,64.1584477842276,0.44152631500133,0.00114515347884176,0,1,1.3129431,NaN,0,ok
4,Time 0.5x,Time,0.5,6,1103,Greedy,1211,12402.6981474114,73.3557602709893,398.980846558556,10.3755752802698,1.58546569199948,122.910741594659,0,0.3601363,0.2376022,1,ok
4,Time 0.5x,Time,0.5,7,1227,RA-ALA,1291,15.369942317522,11.3033172688026,104.469354468287,1.80092790218346,0.00294802674012893,0,1,206.2623992,0.5798257,0,ok
4,Time 0.5x,Time,0.5,7,1227,Energy-A*,1302,11.6590704281373,10.3032629189982,111.436477894095,0.445744425623543,0,0,1,4.195197,0.0646891,1,ok
4,Time 0.5x,Time,0.5,7,1227,Informed-RRT*,1313,66.1013311814821,11.2929875310122,125.36135568022,0.934113874906086,0.106642556730551,0.513513513513514,0,15.079919,0.0782485,1,ok
4,Time 0.5x,Time,0.5,7,1227,ST-EA*,1324,10.7391368849592,9.43865851646624,98.1574841390194,0.445744425623543,0,0,1,6.0598439,NaN,0,ok
4,Time 0.5x,Time,0.5,7,1227,Greedy,1335,2641.53814406753,91.2665909277939,322.980945528682,8.65290985223017,1.1780839634881,25.1983913986069,0,0.1200925,0.0934678,1,ok
4,Time 0.5x,Time,0.5,8,1475,RA-ALA,1539,7.40066809784288,6.54471140364793,63.4421054232786,0.295807294132315,0,0,1,207.2003389,0.5936483,0,ok
4,Time 0.5x,Time,0.5,8,1475,Energy-A*,1550,10.1987445228156,8.9848335450685,79.9761556593677,0.440338497916537,0,0,1,3.5854642,0.0674507,1,ok
4,Time 0.5x,Time,0.5,8,1475,Informed-RRT*,1561,9.36371789956589,7.23797750765228,65.51020517092,0.926389116086667,2.97152810840509e-07,0,1,15.0902857,0.0634162,1,ok
4,Time 0.5x,Time,0.5,8,1475,ST-EA*,1572,8.01052429856315,6.83136320260224,60.2858170701244,0.463985095751033,0,0,1,2.9806291,NaN,0,ok
4,Time 0.5x,Time,0.5,8,1475,Greedy,1583,9283.16893806693,79.5436443089229,225.446828237379,16.4738525606885,0.157119404644307,91.6816703280586,0,0.1441942,0.1155105,1,ok
4,Time 0.5x,Time,0.5,9,2312,RA-ALA,2376,10.7514671535372,8.28858938484234,74.270798627326,1.04113063853801,0.00711548306716041,0,1,231.4402774,0.6097504,0,ok
4,Time 0.5x,Time,0.5,9,2312,Energy-A*,2387,12.108042666964,8.46304862906453,80.8136758756369,0.448785444702423,0.241069949901284,0,1,1.7741082,0.061563,1,ok
4,Time 0.5x,Time,0.5,9,2312,Informed-RRT*,2398,124.677042728861,9.15157739687103,93.6021719146955,1.27683914702271,0.0454922808380126,1.1212685517992,0,15.0673637,0.0707089,1,ok
4,Time 0.5x,Time,0.5,9,2312,ST-EA*,2409,10.766718227677,9.4854000350218,80.3638879828069,0.448785444702423,0.0048897769988626,0,1,7.1711498,NaN,0,ok
4,Time 0.5x,Time,0.5,9,2312,Greedy,2420,8273.08797077047,76.4699880573946,246.043175503947,13.6390420451458,0.289905173286125,81.6541566699199,0,0.1460916,0.1113963,1,ok
4,Time 0.5x,Time,0.5,10,2560,RA-ALA,2624,10.2674471898761,7.52410369579929,75.9857972398891,1.19224270829651,0.00422505889842211,0,1,207.7003345,0.8337401,0,ok
4,Time 0.5x,Time,0.5,10,2560,Energy-A*,2635,27.1291139762139,8.49204585676245,77.9382152958599,0.464147717544105,0.0709719422814027,0.166743106978164,0,3.5993322,0.0580562,1,ok
4,Time 0.5x,Time,0.5,10,2560,Informed-RRT*,2646,24.9110619400493,9.13222638800016,91.3086833948442,1.00690696306578,0.0176684138044616,0.132078846403944,0,15.0770378,0.0627425,1,ok
4,Time 0.5x,Time,0.5,10,2560,ST-EA*,2657,NaN,NaN,NaN,NaN,NaN,NaN,0,0.0299016,NaN,0,failed: WeightSensitivity:EmptySTPath
4,Time 0.5x,Time,0.5,10,2560,Greedy,2668,2136.37808154523,55.7361204853682,205.004303151231,7.94556717861246,0.175074911746939,20.621458929887,0,0.1294068,0.0820371,1,ok
5,Time 1.5x,Time,1.5,1,483,RA-ALA,547,17.8513444058392,11.3245629876655,119.724809649217,0.828952120413791,0.337231705673082,0,1,283.1338908,1.1514984,0,ok
5,Time 1.5x,Time,1.5,1,483,Energy-A*,558,21.6729272131953,14.0268246878676,100.851736712908,0.445377793962028,0.54947002284923,0,1,1.9022361,0.0608449,1,ok
5,Time 1.5x,Time,1.5,1,483,Informed-RRT*,569,298.449188130595,13.7728347140951,106.889570492101,2.17720771886109,0.186454374309645,2.77121274604531,0,15.075465,0.0744221,1,ok
5,Time 1.5x,Time,1.5,1,483,ST-EA*,580,NaN,NaN,NaN,NaN,NaN,NaN,0,15.0192048,NaN,0,failed: WeightSensitivity:EmptySTPath
5,Time 1.5x,Time,1.5,1,483,Greedy,591,3416.12347876843,45.6144575936359,176.42408284087,7.93932212139834,0.554166886235424,33.4688340703414,0,0.1238384,0.0880643,1,ok
5,Time 1.5x,Time,1.5,2,638,RA-ALA,702,15.3300088572754,10.6185146313807,111.659938576018,0.939669618815655,0.00509844174793028,0.0138542133858391,0,213.3006178,0.5855066,0,ok
5,Time 1.5x,Time,1.5,2,638,Energy-A*,713,163.791578787862,10.2158841628231,106.620041617642,0.440618933173671,0,1.51361706238471,0,8.9936614,0.0586928,1,ok
5,Time 1.5x,Time,1.5,2,638,Informed-RRT*,724,247.919183763445,9.35981002657458,109.131802903723,0,0.0299809227431196,2.36895416973143,0,0.0037995,0.0531326,1,ok
5,Time 1.5x,Time,1.5,2,638,ST-EA*,735,NaN,NaN,NaN,NaN,NaN,NaN,0,0.0322624,NaN,0,failed: WeightSensitivity:EmptySTPath
5,Time 1.5x,Time,1.5,2,638,Greedy,746,2085.56279213215,28.5255429127644,185.74587336343,3.96448525192097,0.14877727678187,20.4529868253069,0,0.1233476,0.0684465,1,ok
5,Time 1.5x,Time,1.5,3,855,RA-ALA,919,20.5228689572047,14.6599741784955,148.358624129803,1.9182431172654,0.0171925742555879,0,1,270.6264939,0.8091509,0,ok
5,Time 1.5x,Time,1.5,3,855,Energy-A*,930,116.920224845967,8.79033418480172,83.0001275630498,0.444044203750937,0.169302246363636,1.04511278195489,0,4.6073735,0.0606441,1,ok
5,Time 1.5x,Time,1.5,3,855,Informed-RRT*,941,13.0177673021871,9.95596749157025,99.1077878098506,0.879997106446698,0.00629582501003475,0,1,15.0700175,0.0653881,1,ok
5,Time 1.5x,Time,1.5,3,855,ST-EA*,952,10.4198454531511,8.38453784396089,81.5453060984331,0.444044203750937,0.0127902875457885,0,1,3.2752059,NaN,0,ok
5,Time 1.5x,Time,1.5,3,855,Greedy,963,3258.08624170418,60.2310654185118,221.607729915636,6.78785810564997,0.169580331654052,31.7981356013388,0,0.1103635,0.0771441,1,ok
5,Time 1.5x,Time,1.5,4,948,RA-ALA,1012,12.3110797954246,9.21080327403585,96.6613640998249,0.92369552134625,0.00446184274483869,0,1,210.2943122,0.860102,0,ok
5,Time 1.5x,Time,1.5,4,948,Energy-A*,1023,24.407907442469,8.11719732339624,91.0482640523603,0,0.00418925317058193,0.151107142867125,0,15.0017779,0.0527123,1,ok
5,Time 1.5x,Time,1.5,4,948,Informed-RRT*,1034,43.6609024576903,19.1814567777571,153.021363786084,3.12862709100389,0.0112074556145535,0.161973498944539,0,15.0819432,0.0751603,1,ok
5,Time 1.5x,Time,1.5,4,948,ST-EA*,1045,11.9494627559199,9.86673179511195,90.4143248627785,0.454952557844741,0.00426467843337168,0,1,2.2684364,NaN,0,ok
5,Time 1.5x,Time,1.5,4,948,Greedy,1056,1965.5428514254,84.2653519525091,343.809684746618,9.05936586639536,0.995557950269208,18.4890556717808,0,0.1199619,0.0859536,1,ok
5,Time 1.5x,Time,1.5,5,1041,RA-ALA,1105,13.4996091538038,9.88772276445243,98.2054301854176,1.19215925601681,0,0,1,261.6136125,0.6641741,0,ok
5,Time 1.5x,Time,1.5,5,1041,Energy-A*,1116,327.2991871164,9.22050665173476,84.4196363215675,0.441646631261612,0.000454171750552154,3.16135600030616,0,15.0704164,0.0557458,1,ok
5,Time 1.5x,Time,1.5,5,1041,Informed-RRT*,1127,216.676522474421,6.81273540827646,69.3828678263447,0,0,2.08996501218316,0,15.0083963,0.0517699,1,ok
5,Time 1.5x,Time,1.5,5,1041,ST-EA*,1138,NaN,NaN,NaN,NaN,NaN,NaN,0,15.0109073,NaN,0,failed: WeightSensitivity:EmptySTPath
5,Time 1.5x,Time,1.5,5,1041,Greedy,1149,4051.63012315448,47.7124549074291,201.339193623177,6.08870637728634,0.289456287744071,39.8632895269475,0,0.1111316,0.0762729,1,ok
5,Time 1.5x,Time,1.5,6,1103,RA-ALA,1167,7.25966307497529,5.85919124497817,58.080927974199,0.271176923250316,0.0132106383819003,0,1,213.4594816,0.5515477,0,ok
5,Time 1.5x,Time,1.5,6,1103,Energy-A*,1178,62.7094185427633,5.93385287764569,55.6772671405548,0,0.00811680597028711,0.559984317661578,0,15.00418,0.0557265,1,ok
5,Time 1.5x,Time,1.5,6,1103,Informed-RRT*,1189,62.7094185427633,5.93385287764569,55.6772671405548,0,0.00811680597028711,0.559984317661578,0,15.0160866,0.0561603,1,ok
5,Time 1.5x,Time,1.5,6,1103,ST-EA*,1200,9.41688537180141,7.72377541334994,63.8900232926744,0.44152631500133,0.00114320372903833,0,1,1.302231,NaN,0,ok
5,Time 1.5x,Time,1.5,6,1103,Greedy,1211,12406.0229877994,73.3557602709893,398.980846558556,10.3755752802698,1.58546569199948,122.910741594659,0,0.3601363,0.2403827,1,ok
5,Time 1.5x,Time,1.5,7,1227,RA-ALA,1291,18.7436147256635,12.1755397447209,107.325270183982,2.60457133855268,0.0017366426537469,0,1,208.6701942,0.5938195,0,ok
5,Time 1.5x,Time,1.5,7,1227,Energy-A*,1302,12.5877077439215,10.3032629189982,111.436477894095,0.445744425623543,0,0,1,4.195197,0.0636132,1,ok
5,Time 1.5x,Time,1.5,7,1227,Informed-RRT*,1313,67.146009145484,11.2929875310122,125.36135568022,0.934113874906086,0.106642556730551,0.513513513513514,0,15.079919,0.0778054,1,ok
5,Time 1.5x,Time,1.5,7,1227,ST-EA*,1324,11.7714740752673,9.62914769469844,100.067002345739,0.445744425623543,0,0,1,7.3207774,NaN,0,ok
5,Time 1.5x,Time,1.5,7,1227,Greedy,1335,2644.22965194694,91.2665909277939,322.980945528682,8.65290985223017,1.1780839634881,25.1983913986069,0,0.1200925,0.087216,1,ok
5,Time 1.5x,Time,1.5,8,1475,RA-ALA,1539,8.08576795246938,6.65071039661172,62.7091197876025,0.325596779256314,0,0,1,209.0548015,0.5986406,0,ok
5,Time 1.5x,Time,1.5,8,1475,Energy-A*,1550,10.8652124866437,8.9848335450685,79.9761556593677,0.440338497916537,0,0,1,3.5854642,0.0805349,1,ok
5,Time 1.5x,Time,1.5,8,1475,Informed-RRT*,1561,9.90963627599022,7.23797750765228,65.51020517092,0.926389116086667,2.97152810840509e-07,0,1,15.0902857,0.062566,1,ok
5,Time 1.5x,Time,1.5,8,1475,ST-EA*,1572,8.58641217402019,6.90735351594626,60.0870773257495,0.463985095751033,0,0,1,2.7833271,NaN,0,ok
5,Time 1.5x,Time,1.5,8,1475,Greedy,1583,9285.04766163557,79.5436443089229,225.446828237379,16.4738525606885,0.157119404644307,91.6816703280586,0,0.1441942,0.1135246,1,ok
5,Time 1.5x,Time,1.5,9,2312,RA-ALA,2376,11.4485131550709,8.17525432904023,75.4873427679195,1.15471733661631,0.00202323681990578,0,1,229.475405,0.5984898,0,ok
5,Time 1.5x,Time,1.5,9,2312,Energy-A*,2387,12.7814899659277,8.46304862906453,80.8136758756369,0.448785444702423,0.241069949901284,0,1,1.7741082,0.0601671,1,ok
5,Time 1.5x,Time,1.5,9,2312,Informed-RRT*,2398,125.45706082815,9.15157739687103,93.6021719146955,1.27683914702271,0.0454922808380126,1.1212685517992,0,15.0673637,0.0639204,1,ok
5,Time 1.5x,Time,1.5,9,2312,ST-EA*,2409,11.3923534745171,9.47943247624889,80.6002703082555,0.448785444702423,0.000784673001015831,0,1,8.1279901,NaN,0,ok
5,Time 1.5x,Time,1.5,9,2312,Greedy,2420,8275.13833056634,76.4699880573946,246.043175503947,13.6390420451458,0.289905173286125,81.6541566699199,0,0.1460916,0.1088654,1,ok
5,Time 1.5x,Time,1.5,10,2560,RA-ALA,2624,10.5190337969596,7.41034615528071,72.5945470844415,1.06268358794304,0.00758886272372898,0,1,205.8140566,0.8405022,0,ok
5,Time 1.5x,Time,1.5,10,2560,Energy-A*,2635,27.7785991036794,8.49204585676245,77.9382152958599,0.464147717544105,0.0709719422814027,0.166743106978164,0,3.5993322,0.0590287,1,ok
5,Time 1.5x,Time,1.5,10,2560,Informed-RRT*,2646,25.6719676350063,9.13222638800016,91.3086833948442,1.00690696306578,0.0176684138044616,0.132078846403944,0,15.0770378,0.062345,1,ok
5,Time 1.5x,Time,1.5,10,2560,ST-EA*,2657,NaN,NaN,NaN,NaN,NaN,NaN,0,0.0293773,NaN,0,failed: WeightSensitivity:EmptySTPath
5,Time 1.5x,Time,1.5,10,2560,Greedy,2668,2138.08645073815,55.7361204853682,205.004303151231,7.94556717861246,0.175074911746939,20.621458929887,0,0.1294068,0.0851692,1,ok
6,Climb 0.5x,Climb,0.5,1,483,RA-ALA,547,14.9579529930482,11.1538875426583,120.20617569525,1.25113297046524,0.155121434913086,0,1,281.6958503,1.1226771,0,ok
6,Climb 0.5x,Climb,0.5,1,483,Energy-A*,558,20.8073338495961,14.0268246878676,100.851736712908,0.445377793962028,0.54947002284923,0,1,1.9022361,0.0619798,1,ok
6,Climb 0.5x,Climb,0.5,1,483,Informed-RRT*,569,295.826607201351,13.7728347140951,106.889570492101,2.17720771886109,0.186454374309645,2.77121274604531,0,15.075465,0.0856187,1,ok
6,Climb 0.5x,Climb,0.5,1,483,ST-EA*,580,NaN,NaN,NaN,NaN,NaN,NaN,0,15.0196427,NaN,0,failed: WeightSensitivity:EmptySTPath
6,Climb 0.5x,Climb,0.5,1,483,Greedy,591,3407.44905630187,45.6144575936359,176.42408284087,7.93932212139834,0.554166886235424,33.4688340703414,0,0.1238384,0.0950836,1,ok
6,Climb 0.5x,Climb,0.5,2,638,RA-ALA,702,157.07551835526,12.701512819425,112.812904208631,2.02536111296378,0.072257476746527,1.40685962120334,0,211.4181026,0.593153,0,ok
6,Climb 0.5x,Climb,0.5,2,638,Energy-A*,713,162.906709681282,10.2158841628231,106.620041617642,0.440618933173671,0,1.51361706238471,0,8.9936614,0.0607354,1,ok
6,Climb 0.5x,Climb,0.5,2,638,Informed-RRT*,724,247.464467918013,9.35981002657458,109.131802903723,0,0.0299809227431196,2.36895416973143,0,0.0037995,0.0566167,1,ok
6,Climb 0.5x,Climb,0.5,2,638,ST-EA*,735,NaN,NaN,NaN,NaN,NaN,NaN,0,0.0319225,NaN,0,failed: WeightSensitivity:EmptySTPath
6,Climb 0.5x,Climb,0.5,2,638,Greedy,746,2080.82436574122,28.5255429127644,185.74587336343,3.96448525192097,0.14877727678187,20.4529868253069,0,0.1233476,0.0681385,1,ok
6,Climb 0.5x,Climb,0.5,3,855,RA-ALA,919,20.0670694584042,15.7449374797015,127.945233329441,3.06919158192516,0.0186730119032122,0,1,260.5410624,0.7561821,0,ok
6,Climb 0.5x,Climb,0.5,3,855,Energy-A*,930,116.13034677737,8.79033418480172,83.0001275630498,0.444044203750937,0.169302246363636,1.04511278195489,0,4.6073735,0.0589006,1,ok
6,Climb 0.5x,Climb,0.5,3,855,Informed-RRT*,941,11.7248210798661,9.95596749157025,99.1077878098506,0.879997106446698,0.00629582501003475,0,1,15.0700175,0.0680784,1,ok
6,Climb 0.5x,Climb,0.5,3,855,ST-EA*,952,9.63602914065665,8.38453784396089,81.5453060984331,0.444044203750937,0.0127902875457885,0,1,3.1176913,NaN,0,ok
6,Climb 0.5x,Climb,0.5,3,855,Greedy,963,3250.37501805722,60.2310654185118,221.607729915636,6.78785810564997,0.169580331654052,31.7981356013388,0,0.1103635,0.0784357,1,ok
6,Climb 0.5x,Climb,0.5,4,948,RA-ALA,1012,10.9444608355637,9.1429371697159,96.0669227035296,1.00001048662194,9.5549002974736e-05,0,1,207.3778504,0.8433812,0,ok
6,Climb 0.5x,Climb,0.5,4,948,Energy-A*,1023,24.0285396755842,8.11719732339624,91.0482640523603,0,0.00418925317058193,0.151107142867125,0,15.0017779,0.0581616,1,ok
6,Climb 0.5x,Climb,0.5,4,948,Informed-RRT*,1034,39.8946863509111,19.1814567777571,153.021363786084,3.12862709100389,0.0112074556145535,0.161973498944539,0,15.0819432,0.0768125,1,ok
6,Climb 0.5x,Climb,0.5,4,948,ST-EA*,1045,12.9986544758825,11.7463889873837,92.9365036966795,0.454952557844741,0.00228420665150018,0,1,1.7383861,NaN,0,ok
6,Climb 0.5x,Climb,0.5,4,948,Greedy,1056,1955.0509452059,84.2653519525091,343.809684746618,9.05936586639536,0.995557950269208,18.4890556717808,0,0.1199619,0.0888404,1,ok
6,Climb 0.5x,Climb,0.5,5,1041,RA-ALA,1105,11.8401298809724,9.82415491876743,95.4933442397104,1.22019709354067,0,0,1,259.1078893,0.6839551,0,ok
6,Climb 0.5x,Climb,0.5,5,1041,Energy-A*,1116,326.505792000465,9.22050665173476,84.4196363215675,0.441646631261612,0.000454171750552154,3.16135600030616,0,15.0704164,0.0573506,1,ok
6,Climb 0.5x,Climb,0.5,5,1041,Informed-RRT*,1127,216.387427191812,6.81273540827646,69.3828678263447,0,0,2.08996501218316,0,15.0083963,0.052704,1,ok
6,Climb 0.5x,Climb,0.5,5,1041,ST-EA*,1138,NaN,NaN,NaN,NaN,NaN,NaN,0,15.0035685,NaN,0,failed: WeightSensitivity:EmptySTPath
6,Climb 0.5x,Climb,0.5,5,1041,Greedy,1149,4044.70250347043,47.7124549074291,201.339193623177,6.08870637728634,0.289456287744071,39.8632895269475,0,0.1111316,0.0807005,1,ok
6,Climb 0.5x,Climb,0.5,6,1103,RA-ALA,1167,7.32164404164669,6.02324437407176,60.304018412983,0.764843892598863,0.00310222882012121,0,1,210.591519,0.6439611,0,ok
6,Climb 0.5x,Climb,0.5,6,1103,Energy-A*,1178,62.4774299296776,5.93385287764569,55.6772671405548,0,0.00811680597028711,0.559984317661578,0,15.00418,0.0706516,1,ok
6,Climb 0.5x,Climb,0.5,6,1103,Informed-RRT*,1189,62.4774299296776,5.93385287764569,55.6772671405548,0,0.00811680597028711,0.559984317661578,0,15.0160866,0.0582058,1,ok
6,Climb 0.5x,Climb,0.5,6,1103,ST-EA*,1200,8.7549530035299,7.77024938188657,63.8085067337426,0.44152631500133,0.00114397505274772,0,1,1.2595403,NaN,0,ok
6,Climb 0.5x,Climb,0.5,6,1103,Greedy,1211,12393.9849923251,73.3557602709893,398.980846558556,10.3755752802698,1.58546569199948,122.910741594659,0,0.3601363,0.2368087,1,ok
6,Climb 0.5x,Climb,0.5,7,1227,RA-ALA,1291,14.2584015319038,11.1689993676461,102.632568352102,2.14283607731076,0.00912946840127178,0,1,209.6710612,0.7150243,0,ok
6,Climb 0.5x,Climb,0.5,7,1227,Energy-A*,1302,11.6776446604059,10.3032629189982,111.436477894095,0.445744425623543,0,0,1,4.195197,0.0777734,1,ok
6,Climb 0.5x,Climb,0.5,7,1227,Informed-RRT*,1313,65.689556288577,11.2929875310122,125.36135568022,0.934113874906086,0.106642556730551,0.513513513513514,0,15.079919,0.1000773,1,ok
6,Climb 0.5x,Climb,0.5,7,1227,ST-EA*,1324,10.9477667157213,9.66921226716914,99.9372027514302,0.445744425623543,0,0,1,11.7916721,NaN,0,ok
6,Climb 0.5x,Climb,0.5,7,1227,Greedy,1335,2634.230988155,91.2665909277939,322.980945528682,8.65290985223017,1.1780839634881,25.1983913986069,0,0.1200925,0.1076073,1,ok
6,Climb 0.5x,Climb,0.5,8,1475,RA-ALA,1539,7.52846055244986,6.5954761377057,61.4520414707106,0.420884069154905,0,0,1,209.8875895,0.6009223,0,ok
6,Climb 0.5x,Climb,0.5,8,1475,Energy-A*,1550,10.0916400068131,8.9848335450685,79.9761556593677,0.440338497916537,0,0,1,3.5854642,0.0701596,1,ok
6,Climb 0.5x,Climb,0.5,8,1475,Informed-RRT*,1561,8.71028797169139,7.23797750765228,65.51020517092,0.926389116086667,2.97152810840509e-07,0,1,15.0902857,0.0636073,1,ok
6,Climb 0.5x,Climb,0.5,8,1475,ST-EA*,1572,7.83589159952068,6.87089965652435,60.1208216694354,0.463985095751033,0,0,1,1.3582582,NaN,0,ok
6,Climb 0.5x,Climb,0.5,8,1475,Greedy,1583,9267.63444729056,79.5436443089229,225.446828237379,16.4738525606885,0.157119404644307,91.6816703280586,0,0.1441942,0.1159335,1,ok
6,Climb 0.5x,Climb,0.5,9,2312,RA-ALA,2376,10.003199247942,7.87581114274057,74.0370113898007,1.50851209270528,0.000190091758112212,0,1,215.2012358,0.5887715,0,ok
6,Climb 0.5x,Climb,0.5,9,2312,Energy-A*,2387,11.9959808717434,8.46304862906453,80.8136758756369,0.448785444702423,0.241069949901284,0,1,1.7741082,0.0678454,1,ok
6,Climb 0.5x,Climb,0.5,9,2312,Informed-RRT*,2398,123.790212631483,9.15157739687103,93.6021719146955,1.27683914702271,0.0454922808380126,1.1212685517992,0,15.0673637,0.06256,1,ok
6,Climb 0.5x,Climb,0.5,9,2312,ST-EA*,2409,10.6970051040053,9.52707942223617,80.5938047732096,0.448785444702423,0.0049525197289986,0,1,7.4602697,NaN,0,ok
6,Climb 0.5x,Climb,0.5,9,2312,Greedy,2420,8260.47410862326,76.4699880573946,246.043175503947,13.6390420451458,0.289905173286125,81.6541566699199,0,0.1460916,0.1088638,1,ok
6,Climb 0.5x,Climb,0.5,10,2560,RA-ALA,2624,22.4258075294847,8.36439514295856,75.3096032844772,1.83448001909818,0.0287303736858711,0.113120486031986,0,210.1813745,0.8546225,0,ok
6,Climb 0.5x,Climb,0.5,10,2560,Energy-A*,2635,26.9897088224025,8.49204585676245,77.9382152958599,0.464147717544105,0.0709719422814027,0.166743106978164,0,3.5993322,0.0574542,1,ok
6,Climb 0.5x,Climb,0.5,10,2560,Informed-RRT*,2646,24.284607824462,9.13222638800016,91.3086833948442,1.00690696306578,0.0176684138044616,0.132078846403944,0,15.0770378,0.0629066,1,ok
6,Climb 0.5x,Climb,0.5,10,2560,ST-EA*,2657,NaN,NaN,NaN,NaN,NaN,NaN,0,0.0327654,NaN,0,failed: WeightSensitivity:EmptySTPath
6,Climb 0.5x,Climb,0.5,10,2560,Greedy,2668,2129.28669896308,55.7361204853682,205.004303151231,7.94556717861246,0.175074911746939,20.621458929887,0,0.1294068,0.0816634,1,ok
7,Climb 1.5x,Climb,1.5,1,483,RA-ALA,547,17.8699583127141,10.3678581368184,106.003224404208,1.27933369251346,0.278073889498694,0,1,273.0675671,1.0725662,0,ok
7,Climb 1.5x,Climb,1.5,1,483,Energy-A*,558,21.6980894375202,14.0268246878676,100.851736712908,0.445377793962028,0.54947002284923,0,1,1.9022361,0.0607092,1,ok
7,Climb 1.5x,Climb,1.5,1,483,Informed-RRT*,569,300.181022639073,13.7728347140951,106.889570492101,2.17720771886109,0.186454374309645,2.77121274604531,0,15.075465,0.0725266,1,ok
7,Climb 1.5x,Climb,1.5,1,483,ST-EA*,580,NaN,NaN,NaN,NaN,NaN,NaN,0,15.0224192,NaN,0,failed: WeightSensitivity:EmptySTPath
7,Climb 1.5x,Climb,1.5,1,483,Greedy,591,3423.32770054466,45.6144575936359,176.42408284087,7.93932212139834,0.554166886235424,33.4688340703414,0,0.1238384,0.0910537,1,ok
7,Climb 1.5x,Climb,1.5,2,638,RA-ALA,702,162.675680389157,12.5486608517197,114.035639821458,1.14160681111205,0.0386325799405138,1.45365576306184,0,213.3753868,0.5860357,0,ok
7,Climb 1.5x,Climb,1.5,2,638,Energy-A*,713,163.787947547629,10.2158841628231,106.620041617642,0.440618933173671,0,1.51361706238471,0,8.9936614,0.0603727,1,ok
7,Climb 1.5x,Climb,1.5,2,638,Informed-RRT*,724,247.464467918013,9.35981002657458,109.131802903723,0,0.0299809227431196,2.36895416973143,0,0.0037995,0.0521114,1,ok
7,Climb 1.5x,Climb,1.5,2,638,ST-EA*,735,NaN,NaN,NaN,NaN,NaN,NaN,0,0.0332633,NaN,0,failed: WeightSensitivity:EmptySTPath
7,Climb 1.5x,Climb,1.5,2,638,Greedy,746,2088.75333624506,28.5255429127644,185.74587336343,3.96448525192097,0.14877727678187,20.4529868253069,0,0.1233476,0.0666585,1,ok
7,Climb 1.5x,Climb,1.5,3,855,RA-ALA,919,21.0758727660474,13.7038965308893,147.076894103589,1.99042624889242,0.0175056704284276,0,1,274.8901821,0.8016652,0,ok
7,Climb 1.5x,Climb,1.5,3,855,Energy-A*,930,117.018435184872,8.79033418480172,83.0001275630498,0.444044203750937,0.169302246363636,1.04511278195489,0,4.6073735,0.0576738,1,ok
7,Climb 1.5x,Climb,1.5,3,855,Informed-RRT*,941,13.4848152927594,9.95596749157025,99.1077878098506,0.879997106446698,0.00629582501003475,0,1,15.0700175,0.0669477,1,ok
7,Climb 1.5x,Climb,1.5,3,855,ST-EA*,952,10.5241175481585,8.38453784396089,81.5453060984331,0.444044203750937,0.0127902875457885,0,1,3.4469991,NaN,0,ok
7,Climb 1.5x,Climb,1.5,3,855,Greedy,963,3263.95073426852,60.2310654185118,221.607729915636,6.78785810564997,0.169580331654052,31.7981356013388,0,0.1103635,0.0777209,1,ok
7,Climb 1.5x,Climb,1.5,4,948,RA-ALA,1012,12.5094934803078,9.19261900735396,100.433438463725,0.816210034683936,0.00312990483710126,0,1,207.7109918,0.8359516,0,ok
7,Climb 1.5x,Climb,1.5,4,948,Energy-A*,1023,24.0285396755842,8.11719732339624,91.0482640523603,0,0.00418925317058193,0.151107142867125,0,15.0017779,0.0521933,1,ok
7,Climb 1.5x,Climb,1.5,4,948,Informed-RRT*,1034,46.1519405329189,19.1814567777571,153.021363786084,3.12862709100389,0.0112074556145535,0.161973498944539,0,15.0819432,0.0807125,1,ok
7,Climb 1.5x,Climb,1.5,4,948,ST-EA*,1045,13.908559591572,11.7463889873837,92.9365036966795,0.454952557844741,0.00228420665150018,0,1,2.1927537,NaN,0,ok
7,Climb 1.5x,Climb,1.5,4,948,Greedy,1056,1973.16967693869,84.2653519525091,343.809684746618,9.05936586639536,0.995557950269208,18.4890556717808,0,0.1199619,0.0905477,1,ok
7,Climb 1.5x,Climb,1.5,5,1041,RA-ALA,1105,13.7922720684701,9.52792975242082,93.6363962180782,1.16134633807733,0,0,1,258.2984384,0.6470702,0,ok
7,Climb 1.5x,Climb,1.5,5,1041,Energy-A*,1116,327.389085262988,9.22050665173476,84.4196363215675,0.441646631261612,0.000454171750552154,3.16135600030616,0,15.0704164,0.0567043,1,ok
7,Climb 1.5x,Climb,1.5,5,1041,Informed-RRT*,1127,216.387427191812,6.81273540827646,69.3828678263447,0,0,2.08996501218316,0,15.0083963,0.0518707,1,ok
7,Climb 1.5x,Climb,1.5,5,1041,ST-EA*,1138,NaN,NaN,NaN,NaN,NaN,NaN,0,15.0224543,NaN,0,failed: WeightSensitivity:EmptySTPath
7,Climb 1.5x,Climb,1.5,5,1041,Greedy,1149,4056.87991622501,47.7124549074291,201.339193623177,6.08870637728634,0.289456287744071,39.8632895269475,0,0.1111316,0.0764112,1,ok
7,Climb 1.5x,Climb,1.5,6,1103,RA-ALA,1167,7.28937843344957,5.97725538004215,57.9084095481435,0.238171477340421,0.0115038541818291,0,1,212.2636459,0.5704468,0,ok
7,Climb 1.5x,Climb,1.5,6,1103,Energy-A*,1178,62.4774299296776,5.93385287764569,55.6772671405548,0,0.00811680597028711,0.559984317661578,0,15.00418,0.0519735,1,ok
7,Climb 1.5x,Climb,1.5,6,1103,Informed-RRT*,1189,62.4774299296776,5.93385287764569,55.6772671405548,0,0.00811680597028711,0.559984317661578,0,15.0160866,0.0550798,1,ok
7,Climb 1.5x,Climb,1.5,6,1103,ST-EA*,1200,9.5922032564166,7.72377541334994,63.8900232926744,0.44152631500133,0.00114320372903833,0,1,1.4297283,NaN,0,ok
7,Climb 1.5x,Climb,1.5,6,1103,Greedy,1211,12414.7361428856,73.3557602709893,398.980846558556,10.3755752802698,1.58546569199948,122.910741594659,0,0.3601363,0.2420367,1,ok
7,Climb 1.5x,Climb,1.5,7,1227,RA-ALA,1291,16.3353635140527,11.0030935484288,108.411394220553,1.47370717012832,0.000772017006771539,0,1,236.3278114,0.6660814,0,ok
7,Climb 1.5x,Climb,1.5,7,1227,Energy-A*,1302,12.569133511653,10.3032629189982,111.436477894095,0.445744425623543,0,0,1,4.195197,0.0652261,1,ok
7,Climb 1.5x,Climb,1.5,7,1227,Informed-RRT*,1313,67.5577840383891,11.2929875310122,125.36135568022,0.934113874906086,0.106642556730551,0.513513513513514,0,15.079919,0.0829214,1,ok
7,Climb 1.5x,Climb,1.5,7,1227,ST-EA*,1324,11.8392555669684,9.66921226716914,99.9372027514302,0.445744425623543,0,0,1,9.4609518,NaN,0,ok
7,Climb 1.5x,Climb,1.5,7,1227,Greedy,1335,2651.53680785946,91.2665909277939,322.980945528682,8.65290985223017,1.1780839634881,25.1983913986069,0,0.1200925,0.0868801,1,ok
7,Climb 1.5x,Climb,1.5,8,1475,RA-ALA,1539,8.20607065350479,6.6436973554015,64.2113281549886,0.34242629893724,0,0,1,209.0471687,0.6117544,0,ok
7,Climb 1.5x,Climb,1.5,8,1475,Energy-A*,1550,10.9723170026462,8.9848335450685,79.9761556593677,0.440338497916537,0,0,1,3.5854642,0.068496,1,ok
7,Climb 1.5x,Climb,1.5,8,1475,Informed-RRT*,1561,10.5630662038647,7.23797750765228,65.51020517092,0.926389116086667,2.97152810840509e-07,0,1,15.0902857,0.0627363,1,ok
7,Climb 1.5x,Climb,1.5,8,1475,ST-EA*,1572,8.78354532473587,6.89037639025209,60.1456376676817,0.463985095751033,0,0,1,4.5409753,NaN,0,ok
7,Climb 1.5x,Climb,1.5,8,1475,Greedy,1583,9300.58215241194,79.5436443089229,225.446828237379,16.4738525606885,0.157119404644307,91.6816703280586,0,0.1441942,0.1135605,1,ok
7,Climb 1.5x,Climb,1.5,9,2312,RA-ALA,2376,17.2551513142189,10.0215136347665,92.9904866007639,2.15197613387125,0.000278855616561379,0,1,238.5037822,0.6843031,0,ok
7,Climb 1.5x,Climb,1.5,9,2312,Energy-A*,2387,12.8935517611483,8.46304862906453,80.8136758756369,0.448785444702423,0.241069949901284,0,1,1.7741082,0.0598015,1,ok
7,Climb 1.5x,Climb,1.5,9,2312,Informed-RRT*,2398,126.343890925528,9.15157739687103,93.6021719146955,1.27683914702271,0.0454922808380126,1.1212685517992,0,15.0673637,0.0654574,1,ok
7,Climb 1.5x,Climb,1.5,9,2312,ST-EA*,2409,11.5063030940365,9.48035307267035,80.6106112124641,0.448785444702423,0.000783859382165446,0,1,7.7050806,NaN,0,ok
7,Climb 1.5x,Climb,1.5,9,2312,Greedy,2420,8287.75219271355,76.4699880573946,246.043175503947,13.6390420451458,0.289905173286125,81.6541566699199,0,0.1460916,0.109307,1,ok
7,Climb 1.5x,Climb,1.5,10,2560,RA-ALA,2624,13.3803750718053,8.19793165913361,74.549945388929,1.50285922664568,0.00526161878268827,0,1,209.0360268,0.8290046,0,ok
7,Climb 1.5x,Climb,1.5,10,2560,Energy-A*,2635,27.9180042574907,8.49204585676245,77.9382152958599,0.464147717544105,0.0709719422814027,0.166743106978164,0,3.5993322,0.0652176,1,ok
7,Climb 1.5x,Climb,1.5,10,2560,Informed-RRT*,2646,26.2984217505936,9.13222638800016,91.3086833948442,1.00690696306578,0.0176684138044616,0.132078846403944,0,15.0770378,0.0778265,1,ok
7,Climb 1.5x,Climb,1.5,10,2560,ST-EA*,2657,NaN,NaN,NaN,NaN,NaN,NaN,0,0.0327501,NaN,0,failed: WeightSensitivity:EmptySTPath
7,Climb 1.5x,Climb,1.5,10,2560,Greedy,2668,2145.1778333203,55.7361204853682,205.004303151231,7.94556717861246,0.175074911746939,20.621458929887,0,0.1294068,0.0823156,1,ok
8,Risk 0.5x,Risk,0.5,1,483,RA-ALA,547,13.2127042678512,9.03279019415854,98.1767891574442,1.06077552035054,0.248044624669231,0,1,253.8918268,0.9709374,0,ok
8,Risk 0.5x,Risk,0.5,1,483,Energy-A*,558,18.505361529312,14.0268246878676,100.851736712908,0.445377793962028,0.54947002284923,0,1,1.9022361,0.0597245,1,ok
8,Risk 0.5x,Risk,0.5,1,483,Informed-RRT*,569,297.071543048664,13.7728347140951,106.889570492101,2.17720771886109,0.186454374309645,2.77121274604531,0,15.075465,0.0725733,1,ok
8,Risk 0.5x,Risk,0.5,1,483,ST-EA*,580,NaN,NaN,NaN,NaN,NaN,NaN,0,15.0027013,NaN,0,failed: WeightSensitivity:EmptySTPath
8,Risk 0.5x,Risk,0.5,1,483,Greedy,591,3412.61754399209,45.6144575936359,176.42408284087,7.93932212139834,0.554166886235424,33.4688340703414,0,0.1238384,0.0880645,1,ok
8,Risk 0.5x,Risk,0.5,2,638,RA-ALA,702,163.008762495986,12.641055597885,110.595900281102,1.87173284998182,0.0745470236784801,1.45329873577403,0,215.6491719,0.6032634,0,ok
8,Risk 0.5x,Risk,0.5,2,638,Energy-A*,713,163.347328614456,10.2158841628231,106.620041617642,0.440618933173671,0,1.51361706238471,0,8.9936614,0.0604585,1,ok
8,Risk 0.5x,Risk,0.5,2,638,Informed-RRT*,724,247.314563304298,9.35981002657458,109.131802903723,0,0.0299809227431196,2.36895416973143,0,0.0037995,0.0513858,1,ok
8,Risk 0.5x,Risk,0.5,2,638,ST-EA*,735,NaN,NaN,NaN,NaN,NaN,NaN,0,0.0332402,NaN,0,failed: WeightSensitivity:EmptySTPath
8,Risk 0.5x,Risk,0.5,2,638,Greedy,746,2084.04496460923,28.5255429127644,185.74587336343,3.96448525192097,0.14877727678187,20.4529868253069,0,0.1233476,0.0666277,1,ok
8,Risk 0.5x,Risk,0.5,3,855,RA-ALA,919,20.3431799687947,14.8118335912037,149.573553386614,2.12847833964464,0.00558868401599151,0,1,272.7452273,0.8339214,0,ok
8,Risk 0.5x,Risk,0.5,3,855,Energy-A*,930,115.727879749303,8.79033418480172,83.0001275630498,0.444044203750937,0.169302246363636,1.04511278195489,0,4.6073735,0.0593615,1,ok
8,Risk 0.5x,Risk,0.5,3,855,Informed-RRT*,941,12.5733390612626,9.95596749157025,99.1077878098506,0.879997106446698,0.00629582501003475,0,1,15.0700175,0.0651975,1,ok
8,Risk 0.5x,Risk,0.5,3,855,ST-EA*,952,9.68236045400213,7.95251381276922,80.755770778081,0.444044203750937,0.0337586954494071,0,1,3.0324936,NaN,0,ok
8,Risk 0.5x,Risk,0.5,3,855,Greedy,963,3256.31497450459,60.2310654185118,221.607729915636,6.78785810564997,0.169580331654052,31.7981356013388,0,0.1103635,0.0761299,1,ok
8,Risk 0.5x,Risk,0.5,4,948,RA-ALA,1012,10.9180571672638,8.97901370471013,96.5867484723557,0.560459140954782,0.00264712200823082,0,1,208.5077667,0.8178637,0,ok
8,Risk 0.5x,Risk,0.5,4,948,Energy-A*,1023,24.0075934097313,8.11719732339624,91.0482640523603,0,0.00418925317058193,0.151107142867125,0,15.0017779,0.050856,1,ok
8,Risk 0.5x,Risk,0.5,4,948,Informed-RRT*,1034,42.9672761638422,19.1814567777571,153.021363786084,3.12862709100389,0.0112074556145535,0.161973498944539,0,15.0819432,0.0755177,1,ok
8,Risk 0.5x,Risk,0.5,4,948,ST-EA*,1045,11.5359239653911,9.84364590804677,90.0412435802537,0.454952557844741,0.00640584903053956,0,1,2.1962065,NaN,0,ok
8,Risk 0.5x,Risk,0.5,4,948,Greedy,1056,1959.13252132094,84.2653519525091,343.809684746618,9.05936586639536,0.995557950269208,18.4890556717808,0,0.1199619,0.090671,1,ok
8,Risk 0.5x,Risk,0.5,5,1041,RA-ALA,1105,13.1834117557435,10.0498084140842,94.6801723939084,1.17230095252168,0,0,1,261.9082186,0.6527904,0,ok
8,Risk 0.5x,Risk,0.5,5,1041,Energy-A*,1116,326.945167772974,9.22050665173476,84.4196363215675,0.441646631261612,0.000454171750552154,3.16135600030616,0,15.0704164,0.0599254,1,ok
8,Risk 0.5x,Risk,0.5,5,1041,Informed-RRT*,1127,216.387427191812,6.81273540827646,69.3828678263447,0,0,2.08996501218316,0,15.0083963,0.056844,1,ok
8,Risk 0.5x,Risk,0.5,5,1041,ST-EA*,1138,NaN,NaN,NaN,NaN,NaN,NaN,0,15.0035264,NaN,0,failed: WeightSensitivity:EmptySTPath
8,Risk 0.5x,Risk,0.5,5,1041,Greedy,1149,4049.343928409,47.7124549074291,201.339193623177,6.08870637728634,0.289456287744071,39.8632895269475,0,0.1111316,0.0798133,1,ok
8,Risk 0.5x,Risk,0.5,6,1103,RA-ALA,1167,7.60163576209918,5.8907094563398,60.1547063106109,0.591335597479461,0.00539317830907383,0,1,217.6790832,0.5799219,0,ok
8,Risk 0.5x,Risk,0.5,6,1103,Energy-A*,1178,62.4368458998262,5.93385287764569,55.6772671405548,0,0.00811680597028711,0.559984317661578,0,15.00418,0.0536573,1,ok
8,Risk 0.5x,Risk,0.5,6,1103,Informed-RRT*,1189,62.4368458998262,5.93385287764569,55.6772671405548,0,0.00811680597028711,0.559984317661578,0,15.0160866,0.0545505,1,ok
8,Risk 0.5x,Risk,0.5,6,1103,ST-EA*,1200,9.14496092277008,7.72377541334994,63.8900232926744,0.44152631500133,0.00114320372903833,0,1,1.344137,NaN,0,ok
8,Risk 0.5x,Risk,0.5,6,1103,Greedy,1211,12396.4332391454,73.3557602709893,398.980846558556,10.3755752802698,1.58546569199948,122.910741594659,0,0.3601363,0.2458182,1,ok
8,Risk 0.5x,Risk,0.5,7,1227,RA-ALA,1291,15.7675303716021,11.2751229107118,104.320874170938,1.80323005799042,0.00332134536365549,0,1,208.7218481,0.5946471,0,ok
8,Risk 0.5x,Risk,0.5,7,1227,Energy-A*,1302,12.1233890860294,10.3032629189982,111.436477894095,0.445744425623543,0,0,1,4.195197,0.0649912,1,ok
8,Risk 0.5x,Risk,0.5,7,1227,Informed-RRT*,1313,66.0904573798303,11.2929875310122,125.36135568022,0.934113874906086,0.106642556730551,0.513513513513514,0,15.079919,0.078759,1,ok
8,Risk 0.5x,Risk,0.5,7,1227,ST-EA*,1324,11.3935111413448,9.66921226716914,99.9372027514302,0.445744425623543,0,0,1,9.3283877,NaN,0,ok
8,Risk 0.5x,Risk,0.5,7,1227,Greedy,1335,2636.99347818979,91.2665909277939,322.980945528682,8.65290985223017,1.1780839634881,25.1983913986069,0,0.1200925,0.1013968,1,ok
8,Risk 0.5x,Risk,0.5,8,1475,RA-ALA,1539,7.6568105357582,6.53816576068857,63.5748014871681,0.294427381338279,0,0,1,208.0930953,0.6126985,0,ok
8,Risk 0.5x,Risk,0.5,8,1475,Energy-A*,1550,10.5319785047296,8.9848335450685,79.9761556593677,0.440338497916537,0,0,1,3.5854642,0.0672469,1,ok
8,Risk 0.5x,Risk,0.5,8,1475,Informed-RRT*,1561,9.636675602014,7.23797750765228,65.51020517092,0.926389116086667,2.97152810840509e-07,0,1,15.0902857,0.0612397,1,ok
8,Risk 0.5x,Risk,0.5,8,1475,ST-EA*,1572,8.33604935182957,6.90735351594626,60.0870773257495,0.463985095751033,0,0,1,2.8532511,NaN,0,ok
8,Risk 0.5x,Risk,0.5,8,1475,Greedy,1583,9283.32270282803,79.5436443089229,225.446828237379,16.4738525606885,0.157119404644307,91.6816703280586,0,0.1441942,0.1109272,1,ok
8,Risk 0.5x,Risk,0.5,9,2312,RA-ALA,2376,11.3420813585609,7.9962628202819,74.624709700798,1.3546297866432,0.00293727683052903,0,1,224.3708724,0.5969401,0,ok
8,Risk 0.5x,Risk,0.5,9,2312,Energy-A*,2387,11.2394165669394,8.46304862906453,80.8136758756369,0.448785444702423,0.241069949901284,0,1,1.7741082,0.0597247,1,ok
8,Risk 0.5x,Risk,0.5,9,2312,Informed-RRT*,2398,124.839590374315,9.15157739687103,93.6021719146955,1.27683914702271,0.0454922808380126,1.1212685517992,0,15.0673637,0.0629065,1,ok
8,Risk 0.5x,Risk,0.5,9,2312,ST-EA*,2409,11.0888193776477,9.43027736612733,80.9594529586256,0.448785444702423,0.0172618028254013,0,1,8.0265673,NaN,0,ok
8,Risk 0.5x,Risk,0.5,9,2312,Greedy,2420,8272.66362480198,76.4699880573946,246.043175503947,13.6390420451458,0.289905173286125,81.6541566699199,0,0.1460916,0.1061101,1,ok
8,Risk 0.5x,Risk,0.5,10,2560,RA-ALA,2624,10.794673753702,8.07962612509526,80.592211489918,1.00812887465615,0.00543762337568528,0,1,216.1524377,0.9019147,0,ok
8,Risk 0.5x,Risk,0.5,10,2560,Energy-A*,2635,27.0989968285396,8.49204585676245,77.9382152958599,0.464147717544105,0.0709719422814027,0.166743106978164,0,3.5993322,0.0562546,1,ok
8,Risk 0.5x,Risk,0.5,10,2560,Informed-RRT*,2646,25.2031727185055,9.13222638800016,91.3086833948442,1.00690696306578,0.0176684138044616,0.132078846403944,0,15.0770378,0.0712094,1,ok
8,Risk 0.5x,Risk,0.5,10,2560,ST-EA*,2657,NaN,NaN,NaN,NaN,NaN,NaN,0,0.0300618,NaN,0,failed: WeightSensitivity:EmptySTPath
8,Risk 0.5x,Risk,0.5,10,2560,Greedy,2668,2136.35689158296,55.7361204853682,205.004303151231,7.94556717861246,0.175074911746939,20.621458929887,0,0.1294068,0.0851461,1,ok
9,Risk 1.5x,Risk,1.5,1,483,RA-ALA,547,18.3665189733777,10.147539739532,99.1239963781462,1.89605979780923,0.240055089005068,0,1,256.6727205,0.956173,0,ok
9,Risk 1.5x,Risk,1.5,1,483,Energy-A*,558,24.0000617578043,14.0268246878676,100.851736712908,0.445377793962028,0.54947002284923,0,1,1.9022361,0.0603707,1,ok
9,Risk 1.5x,Risk,1.5,1,483,Informed-RRT*,569,298.93608679176,13.7728347140951,106.889570492101,2.17720771886109,0.186454374309645,2.77121274604531,0,15.075465,0.0736913,1,ok
9,Risk 1.5x,Risk,1.5,1,483,ST-EA*,580,NaN,NaN,NaN,NaN,NaN,NaN,0,15.0118325,NaN,0,failed: WeightSensitivity:EmptySTPath
9,Risk 1.5x,Risk,1.5,1,483,Greedy,591,3418.15921285444,45.6144575936359,176.42408284087,7.93932212139834,0.554166886235424,33.4688340703414,0,0.1238384,0.0875816,1,ok
9,Risk 1.5x,Risk,1.5,2,638,RA-ALA,702,137.539265900539,10.9144576895199,112.419855226792,0.920795728608888,0.116299232477622,1.22101896139747,0,212.7174827,0.5812177,0,ok
9,Risk 1.5x,Risk,1.5,2,638,Energy-A*,713,163.347328614456,10.2158841628231,106.620041617642,0.440618933173671,0,1.51361706238471,0,8.9936614,0.0612824,1,ok
9,Risk 1.5x,Risk,1.5,2,638,Informed-RRT*,724,247.614372531729,9.35981002657458,109.131802903723,0,0.0299809227431196,2.36895416973143,0,0.0037995,0.0527228,1,ok
9,Risk 1.5x,Risk,1.5,2,638,ST-EA*,735,NaN,NaN,NaN,NaN,NaN,NaN,0,0.0341721,NaN,0,failed: WeightSensitivity:EmptySTPath
9,Risk 1.5x,Risk,1.5,2,638,Greedy,746,2085.53273737705,28.5255429127644,185.74587336343,3.96448525192097,0.14877727678187,20.4529868253069,0,0.1233476,0.067021,1,ok
9,Risk 1.5x,Risk,1.5,3,855,RA-ALA,919,20.3581285504721,14.6699445853219,146.666688616735,2.10677123362761,0.016827939517038,0,1,273.505021,0.805743,0,ok
9,Risk 1.5x,Risk,1.5,3,855,Energy-A*,930,117.420902212939,8.79033418480172,83.0001275630498,0.444044203750937,0.169302246363636,1.04511278195489,0,4.6073735,0.0598623,1,ok
9,Risk 1.5x,Risk,1.5,3,855,Informed-RRT*,941,12.6362973113629,9.95596749157025,99.1077878098506,0.879997106446698,0.00629582501003475,0,1,15.0700175,0.0671523,1,ok
9,Risk 1.5x,Risk,1.5,3,855,ST-EA*,952,10.1264917549272,8.43648030563664,82.1549206924214,0.444044203750937,0.00781991351234307,0,1,3.0966219,NaN,0,ok
9,Risk 1.5x,Risk,1.5,3,855,Greedy,963,3258.01077782114,60.2310654185118,221.607729915636,6.78785810564997,0.169580331654052,31.7981356013388,0,0.1103635,0.0764196,1,ok
9,Risk 1.5x,Risk,1.5,4,948,RA-ALA,1012,11.9300069711896,9.21048414038399,96.6658985785159,0.923536023543624,0.0044601085931579,0,1,209.8381565,0.8507774,0,ok
9,Risk 1.5x,Risk,1.5,4,948,Energy-A*,1023,24.0494859414371,8.11719732339624,91.0482640523603,0,0.00418925317058193,0.151107142867125,0,15.0017779,0.0557875,1,ok
9,Risk 1.5x,Risk,1.5,4,948,Informed-RRT*,1034,43.0793507199877,19.1814567777571,153.021363786084,3.12862709100389,0.0112074556145535,0.161973498944539,0,15.0819432,0.0793385,1,ok
9,Risk 1.5x,Risk,1.5,4,948,ST-EA*,1045,13.3682612911875,11.6672412485574,92.7628124755137,0.454952557844741,0.00120609930964441,0,1,2.1089957,NaN,0,ok
9,Risk 1.5x,Risk,1.5,4,948,Greedy,1056,1969.08810082364,84.2653519525091,343.809684746618,9.05936586639536,0.995557950269208,18.4890556717808,0,0.1199619,0.0847589,1,ok
9,Risk 1.5x,Risk,1.5,5,1041,RA-ALA,1105,15.5541794441464,10.7138842716913,92.7283404220664,2.0288043993648,0.000663346902774861,0,1,266.0998171,0.6401115,0,ok
9,Risk 1.5x,Risk,1.5,5,1041,Energy-A*,1116,326.949709490479,9.22050665173476,84.4196363215675,0.441646631261612,0.000454171750552154,3.16135600030616,0,15.0704164,0.0578309,1,ok
9,Risk 1.5x,Risk,1.5,5,1041,Informed-RRT*,1127,216.387427191812,6.81273540827646,69.3828678263447,0,0,2.08996501218316,0,15.0083963,0.0530745,1,ok
9,Risk 1.5x,Risk,1.5,5,1041,ST-EA*,1138,NaN,NaN,NaN,NaN,NaN,NaN,0,15.0211691,NaN,0,failed: WeightSensitivity:EmptySTPath
9,Risk 1.5x,Risk,1.5,5,1041,Greedy,1149,4052.23849128644,47.7124549074291,201.339193623177,6.08870637728634,0.289456287744071,39.8632895269475,0,0.1111316,0.0788937,1,ok
9,Risk 1.5x,Risk,1.5,6,1103,RA-ALA,1167,8.00277288059864,6.00438166556855,60.1869141261433,0.735501673651078,0.00172201666733791,0,1,216.1736643,0.576474,0,ok
9,Risk 1.5x,Risk,1.5,6,1103,Energy-A*,1178,62.5180139595291,5.93385287764569,55.6772671405548,0,0.00811680597028711,0.559984317661578,0,15.00418,0.0525752,1,ok
9,Risk 1.5x,Risk,1.5,6,1103,Informed-RRT*,1189,62.5180139595291,5.93385287764569,55.6772671405548,0,0.00811680597028711,0.559984317661578,0,15.0160866,0.0528913,1,ok
9,Risk 1.5x,Risk,1.5,6,1103,ST-EA*,1200,9.15639296006046,7.72377541334994,63.8900232926744,0.44152631500133,0.00114320372903833,0,1,1.3514633,NaN,0,ok
9,Risk 1.5x,Risk,1.5,6,1103,Greedy,1211,12412.2878960654,73.3557602709893,398.980846558556,10.3755752802698,1.58546569199948,122.910741594659,0,0.3601363,0.2428928,1,ok
9,Risk 1.5x,Risk,1.5,7,1227,RA-ALA,1291,18.3045889563083,12.1748637204189,107.321263599346,2.60456022134698,0.00175072865783407,0,1,208.617407,0.5913793,0,ok
9,Risk 1.5x,Risk,1.5,7,1227,Energy-A*,1302,12.1233890860294,10.3032629189982,111.436477894095,0.445744425623543,0,0,1,4.195197,0.0640865,1,ok
9,Risk 1.5x,Risk,1.5,7,1227,Informed-RRT*,1313,67.1568829471358,11.2929875310122,125.36135568022,0.934113874906086,0.106642556730551,0.513513513513514,0,15.079919,0.0771584,1,ok
9,Risk 1.5x,Risk,1.5,7,1227,ST-EA*,1324,11.3935111413448,9.66921226716914,99.9372027514302,0.445744425623543,0,0,1,9.0919439,NaN,0,ok
9,Risk 1.5x,Risk,1.5,7,1227,Greedy,1335,2648.77431782467,91.2665909277939,322.980945528682,8.65290985223017,1.1780839634881,25.1983913986069,0,0.1200925,0.0859773,1,ok
9,Risk 1.5x,Risk,1.5,8,1475,RA-ALA,1539,7.6568105357582,6.53816576068857,63.5748014871681,0.294427381338279,0,0,1,210.2091364,0.5932749,0,ok
9,Risk 1.5x,Risk,1.5,8,1475,Energy-A*,1550,10.5319785047296,8.9848335450685,79.9761556593677,0.440338497916537,0,0,1,3.5854642,0.0694642,1,ok
9,Risk 1.5x,Risk,1.5,8,1475,Informed-RRT*,1561,9.63667857354211,7.23797750765228,65.51020517092,0.926389116086667,2.97152810840509e-07,0,1,15.0902857,0.0653695,1,ok
9,Risk 1.5x,Risk,1.5,8,1475,ST-EA*,1572,8.33604935182957,6.90735351594626,60.0870773257495,0.463985095751033,0,0,1,2.8763944,NaN,0,ok
9,Risk 1.5x,Risk,1.5,8,1475,Greedy,1583,9284.89389687447,79.5436443089229,225.446828237379,16.4738525606885,0.157119404644307,91.6816703280586,0,0.1441942,0.1151938,1,ok
9,Risk 1.5x,Risk,1.5,9,2312,RA-ALA,2376,10.8018652194346,7.85171382384397,74.633061601941,1.16410460778724,0,0,1,231.4603076,0.5689314,0,ok
9,Risk 1.5x,Risk,1.5,9,2312,Energy-A*,2387,13.6501160659523,8.46304862906453,80.8136758756369,0.448785444702423,0.241069949901284,0,1,1.7741082,0.0594032,1,ok
9,Risk 1.5x,Risk,1.5,9,2312,Informed-RRT*,2398,125.294513182696,9.15157739687103,93.6021719146955,1.27683914702271,0.0454922808380126,1.1212685517992,0,15.0673637,0.0637688,1,ok
9,Risk 1.5x,Risk,1.5,9,2312,ST-EA*,2409,11.0521540292686,9.47123383212148,80.5877535977174,0.448785444702423,0.000785646295197492,0,1,6.9722546,NaN,0,ok
9,Risk 1.5x,Risk,1.5,9,2312,Greedy,2420,8275.56267653484,76.4699880573946,246.043175503947,13.6390420451458,0.289905173286125,81.6541566699199,0,0.1460916,0.1121655,1,ok
9,Risk 1.5x,Risk,1.5,10,2560,RA-ALA,2624,11.0362693495337,7.89482971389717,76.7764786662249,1.22450799239441,0.00350797746416645,0,1,211.9257439,0.8783931,0,ok
9,Risk 1.5x,Risk,1.5,10,2560,Energy-A*,2635,27.8087162513536,8.49204585676245,77.9382152958599,0.464147717544105,0.0709719422814027,0.166743106978164,0,3.5993322,0.0588393,1,ok
9,Risk 1.5x,Risk,1.5,10,2560,Informed-RRT*,2646,25.3798568565501,9.13222638800016,91.3086833948442,1.00690696306578,0.0176684138044616,0.132078846403944,0,15.0770378,0.0626967,1,ok
9,Risk 1.5x,Risk,1.5,10,2560,ST-EA*,2657,NaN,NaN,NaN,NaN,NaN,NaN,0,0.0294565,NaN,0,failed: WeightSensitivity:EmptySTPath
9,Risk 1.5x,Risk,1.5,10,2560,Greedy,2668,2138.10764070042,55.7361204853682,205.004303151231,7.94556717861246,0.175074911746939,20.621458929887,0,0.1294068,0.0847103,1,ok
10,Penalty 0.5x,Penalty,0.5,1,483,RA-ALA,547,18.3012090474393,12.2026664059296,123.785918601496,1.30375095517303,0.245949140948457,0,1,281.293939,1.1691198,0,ok
10,Penalty 0.5x,Penalty,0.5,1,483,Energy-A*,558,21.2527116435581,14.0268246878676,100.851736712908,0.445377793962028,0.54947002284923,0,1,1.9022361,0.0619532,1,ok
10,Penalty 0.5x,Penalty,0.5,1,483,Informed-RRT*,569,159.443177617946,13.7728347140951,106.889570492101,2.17720771886109,0.186454374309645,2.77121274604531,0,15.075465,0.0732455,1,ok
10,Penalty 0.5x,Penalty,0.5,1,483,ST-EA*,580,NaN,NaN,NaN,NaN,NaN,NaN,0,15.0066684,NaN,0,failed: WeightSensitivity:EmptySTPath
10,Penalty 0.5x,Penalty,0.5,1,483,Greedy,591,1741.9466749062,45.6144575936359,176.42408284087,7.93932212139834,0.554166886235424,33.4688340703414,0,0.1238384,0.0901889,1,ok
10,Penalty 0.5x,Penalty,0.5,2,638,RA-ALA,702,16.9659929460868,12.8251758311891,117.438137834667,1.45474009820438,0.00950299904882963,0.0031531155875687,0,214.9530588,0.6323629,0,ok
10,Penalty 0.5x,Penalty,0.5,2,638,Energy-A*,713,87.6664754952198,10.2158841628231,106.620041617642,0.440618933173671,0,1.51361706238471,0,8.9936614,0.0611317,1,ok
10,Penalty 0.5x,Penalty,0.5,2,638,Informed-RRT*,724,129.016759431442,9.35981002657458,109.131802903723,0,0.0299809227431196,2.36895416973143,0,0.0037995,0.0504646,1,ok
10,Penalty 0.5x,Penalty,0.5,2,638,ST-EA*,735,NaN,NaN,NaN,NaN,NaN,NaN,0,0.0371952,NaN,0,failed: WeightSensitivity:EmptySTPath
10,Penalty 0.5x,Penalty,0.5,2,638,Greedy,746,1062.1395097278,28.5255429127644,185.74587336343,3.96448525192097,0.14877727678187,20.4529868253069,0,0.1233476,0.0668582,1,ok
10,Penalty 0.5x,Penalty,0.5,3,855,RA-ALA,919,20.2943090089062,15.0229294476061,141.448898531512,2.04220101586592,0.00082367084723585,0,1,284.9352145,0.8629106,0,ok
10,Penalty 0.5x,Penalty,0.5,3,855,Energy-A*,930,64.3187518833764,8.79033418480172,83.0001275630498,0.444044203750937,0.169302246363636,1.04511278195489,0,4.6073735,0.0582516,1,ok
10,Penalty 0.5x,Penalty,0.5,3,855,Informed-RRT*,941,12.6048181863127,9.95596749157025,99.1077878098506,0.879997106446698,0.00629582501003475,0,1,15.0700175,0.0671657,1,ok
10,Penalty 0.5x,Penalty,0.5,3,855,ST-EA*,952,10.0800733444076,8.38453784396089,81.5453060984331,0.444044203750937,0.0127902875457885,0,1,3.2390038,NaN,0,ok
10,Penalty 0.5x,Penalty,0.5,3,855,Greedy,963,1667.25609609592,60.2310654185118,221.607729915636,6.78785810564997,0.169580331654052,31.7981356013388,0,0.1103635,0.0787923,1,ok
10,Penalty 0.5x,Penalty,0.5,4,948,RA-ALA,1012,12.0041897423375,9.27997862123241,95.9567750128514,0.947490626909886,0.00295900755115627,0,1,212.5788166,0.8535518,0,ok
10,Penalty 0.5x,Penalty,0.5,4,948,Energy-A*,1023,16.473182532228,8.11719732339624,91.0482640523603,0,0.00418925317058193,0.151107142867125,0,15.0017779,0.0608447,1,ok
10,Penalty 0.5x,Penalty,0.5,4,948,Informed-RRT*,1034,34.924638494688,19.1814567777571,153.021363786084,3.12862709100389,0.0112074556145535,0.161973498944539,0,15.0819432,0.0745135,1,ok
10,Penalty 0.5x,Penalty,0.5,4,948,ST-EA*,1045,13.4536070337272,11.7463889873837,92.9365036966795,0.454952557844741,0.00228420665150018,0,1,2.0176646,NaN,0,ok
10,Penalty 0.5x,Penalty,0.5,4,948,Greedy,1056,1039.65752748325,84.2653519525091,343.809684746618,9.05936586639536,0.995557950269208,18.4890556717808,0,0.1199619,0.0858878,1,ok
10,Penalty 0.5x,Penalty,0.5,5,1041,RA-ALA,1105,15.6430537539687,11.0007612898135,97.3855568939505,1.91276943578648,0.000520728513264394,0,1,255.6109125,0.6746949,0,ok
10,Penalty 0.5x,Penalty,0.5,5,1041,Energy-A*,1116,168.879638616418,9.22050665173476,84.4196363215675,0.441646631261612,0.000454171750552154,3.16135600030616,0,15.0704164,0.0570056,1,ok
10,Penalty 0.5x,Penalty,0.5,5,1041,Informed-RRT*,1127,111.889176582654,6.81273540827646,69.3828678263447,0,0,2.08996501218316,0,15.0083963,0.0514419,1,ok
10,Penalty 0.5x,Penalty,0.5,5,1041,ST-EA*,1138,NaN,NaN,NaN,NaN,NaN,NaN,0,15.0195604,NaN,0,failed: WeightSensitivity:EmptySTPath
10,Penalty 0.5x,Penalty,0.5,5,1041,Greedy,1149,2057.62673350034,47.7124549074291,201.339193623177,6.08870637728634,0.289456287744071,39.8632895269475,0,0.1111316,0.0753951,1,ok
10,Penalty 0.5x,Penalty,0.5,6,1103,RA-ALA,1167,8.0892181656549,6.27278780155912,60.1233124682093,0.598922944581782,0.0117556871030475,0,1,217.6189213,0.5755758,0,ok
10,Penalty 0.5x,Penalty,0.5,6,1103,Energy-A*,1178,34.4782140465987,5.93385287764569,55.6772671405548,0,0.00811680597028711,0.559984317661578,0,15.00418,0.0519448,1,ok
10,Penalty 0.5x,Penalty,0.5,6,1103,Informed-RRT*,1189,34.4782140465987,5.93385287764569,55.6772671405548,0,0.00811680597028711,0.559984317661578,0,15.0160866,0.0524845,1,ok
10,Penalty 0.5x,Penalty,0.5,6,1103,ST-EA*,1200,9.15067694141527,7.72377541334994,63.8900232926744,0.44152631500133,0.00114320372903833,0,1,1.4049041,NaN,0,ok
10,Penalty 0.5x,Penalty,0.5,6,1103,Greedy,1211,6258.82348787244,73.3557602709893,398.980846558556,10.3755752802698,1.58546569199948,122.910741594659,0,0.3601363,0.2477058,1,ok
10,Penalty 0.5x,Penalty,0.5,7,1227,RA-ALA,1291,16.1570956876666,11.1697207423755,103.298205044793,2.04158633468592,0.00433839005460346,0,1,210.2754957,0.5876707,0,ok
10,Penalty 0.5x,Penalty,0.5,7,1227,Energy-A*,1302,12.1233890860294,10.3032629189982,111.436477894095,0.445744425623543,0,0,1,4.195197,0.0632004,1,ok
10,Penalty 0.5x,Penalty,0.5,7,1227,Informed-RRT*,1313,40.9479944878074,11.2929875310122,125.36135568022,0.934113874906086,0.106642556730551,0.513513513513514,0,15.079919,0.0764682,1,ok
10,Penalty 0.5x,Penalty,0.5,7,1227,ST-EA*,1324,11.3935111413448,9.66921226716914,99.9372027514302,0.445744425623543,0,0,1,9.0666215,NaN,0,ok
10,Penalty 0.5x,Penalty,0.5,7,1227,Greedy,1335,1382.96432807689,91.2665909277939,322.980945528682,8.65290985223017,1.1780839634881,25.1983913986069,0,0.1200925,0.0866092,1,ok
10,Penalty 0.5x,Penalty,0.5,8,1475,RA-ALA,1539,7.52526182606992,6.4912571343402,63.671317829243,0.251705188243016,0,0,1,208.0218362,0.6117722,0,ok
10,Penalty 0.5x,Penalty,0.5,8,1475,Energy-A*,1550,10.5319785047296,8.9848335450685,79.9761556593677,0.440338497916537,0,0,1,3.5854642,0.070676,1,ok
10,Penalty 0.5x,Penalty,0.5,8,1475,Informed-RRT*,1561,9.63667708777805,7.23797750765228,65.51020517092,0.926389116086667,2.97152810840509e-07,0,1,15.0902857,0.0629193,1,ok
10,Penalty 0.5x,Penalty,0.5,8,1475,ST-EA*,1572,8.33604935182957,6.90735351594626,60.0870773257495,0.463985095751033,0,0,1,2.9305082,NaN,0,ok
10,Penalty 0.5x,Penalty,0.5,8,1475,Greedy,1583,4700.02478344832,79.5436443089229,225.446828237379,16.4738525606885,0.157119404644307,91.6816703280586,0,0.1441942,0.115394,1,ok
10,Penalty 0.5x,Penalty,0.5,9,2312,RA-ALA,2376,10.6115418475506,8.05665958733631,80.4446594383275,0.919276248331739,0.00459576015647677,0,1,217.4481127,0.5966645,0,ok
10,Penalty 0.5x,Penalty,0.5,9,2312,Energy-A*,2387,12.4447663164459,8.46304862906453,80.8136758756369,0.448785444702423,0.241069949901284,0,1,1.7741082,0.0582018,1,ok
10,Penalty 0.5x,Penalty,0.5,9,2312,Informed-RRT*,2398,69.0036241885456,9.15157739687103,93.6021719146955,1.27683914702271,0.0454922808380126,1.1212685517992,0,15.0673637,0.062162,1,ok
10,Penalty 0.5x,Penalty,0.5,9,2312,ST-EA*,2409,11.0575176493341,9.48035307267035,80.6106112124641,0.448785444702423,0.000783859382165446,0,1,7.4343053,NaN,0,ok
10,Penalty 0.5x,Penalty,0.5,9,2312,Greedy,2420,4191.40531717241,76.4699880573946,246.043175503947,13.6390420451458,0.289905173286125,81.6541566699199,0,0.1460916,0.108953,1,ok
10,Penalty 0.5x,Penalty,0.5,10,2560,RA-ALA,2624,16.6010760983071,7.83827460146018,75.1133805392524,1.15685066068989,0.0154790890285541,0.113367288947089,0,212.1717731,0.8530994,0,ok
10,Penalty 0.5x,Penalty,0.5,10,2560,Energy-A*,2635,19.1167011910384,8.49204585676245,77.9382152958599,0.464147717544105,0.0709719422814027,0.166743106978164,0,3.5993322,0.0581747,1,ok
10,Penalty 0.5x,Penalty,0.5,10,2560,Informed-RRT*,2646,18.6875724673306,9.13222638800016,91.3086833948442,1.00690696306578,0.0176684138044616,0.132078846403944,0,15.0770378,0.0645078,1,ok
10,Penalty 0.5x,Penalty,0.5,10,2560,ST-EA*,2657,NaN,NaN,NaN,NaN,NaN,NaN,0,0.0299006,NaN,0,failed: WeightSensitivity:EmptySTPath
10,Penalty 0.5x,Penalty,0.5,10,2560,Greedy,2668,1106.15931964734,55.7361204853682,205.004303151231,7.94556717861246,0.175074911746939,20.621458929887,0,0.1294068,0.0824371,1,ok
11,Penalty 1.5x,Penalty,1.5,1,483,RA-ALA,547,17.3524910323008,11.3245629876655,119.724809649217,0.828952120413791,0.337231705673082,0,1,279.7651096,1.1375479,0,ok
11,Penalty 1.5x,Penalty,1.5,1,483,Energy-A*,558,21.2527116435581,14.0268246878676,100.851736712908,0.445377793962028,0.54947002284923,0,1,1.9022361,0.0618097,1,ok
11,Penalty 1.5x,Penalty,1.5,1,483,Informed-RRT*,569,436.564452222477,13.7728347140951,106.889570492101,2.17720771886109,0.186454374309645,2.77121274604531,0,15.075465,0.0728622,1,ok
11,Penalty 1.5x,Penalty,1.5,1,483,ST-EA*,580,NaN,NaN,NaN,NaN,NaN,NaN,0,15.0028412,NaN,0,failed: WeightSensitivity:EmptySTPath
11,Penalty 1.5x,Penalty,1.5,1,483,Greedy,591,5088.83008194033,45.6144575936359,176.42408284087,7.93932212139834,0.554166886235424,33.4688340703414,0,0.1238384,0.0880355,1,ok
11,Penalty 1.5x,Penalty,1.5,2,638,RA-ALA,702,228.928627121281,12.5307546985671,113.330801589382,2.07522633614823,0.0290068886058254,1.40675285011854,0,216.9041618,0.6299565,0,ok
11,Penalty 1.5x,Penalty,1.5,2,638,Energy-A*,713,239.028181733691,10.2158841628231,106.620041617642,0.440618933173671,0,1.51361706238471,0,8.9936614,0.0592662,1,ok
11,Penalty 1.5x,Penalty,1.5,2,638,Informed-RRT*,724,365.912176404585,9.35981002657458,109.131802903723,0,0.0299809227431196,2.36895416973143,0,0.0037995,0.0526274,1,ok
11,Penalty 1.5x,Penalty,1.5,2,638,ST-EA*,735,NaN,NaN,NaN,NaN,NaN,NaN,0,0.0322236,NaN,0,failed: WeightSensitivity:EmptySTPath
11,Penalty 1.5x,Penalty,1.5,2,638,Greedy,746,3107.43819225848,28.5255429127644,185.74587336343,3.96448525192097,0.14877727678187,20.4529868253069,0,0.1233476,0.067102,1,ok
11,Penalty 1.5x,Penalty,1.5,3,855,RA-ALA,919,21.498235537134,15.3286550444409,146.700620031631,2.34478137488565,0.0257512575991571,0,1,275.2170443,0.8319474,0,ok
11,Penalty 1.5x,Penalty,1.5,3,855,Energy-A*,930,168.830030078865,8.79033418480172,83.0001275630498,0.444044203750937,0.169302246363636,1.04511278195489,0,4.6073735,0.063627,1,ok
11,Penalty 1.5x,Penalty,1.5,3,855,Informed-RRT*,941,12.6048181863127,9.95596749157025,99.1077878098506,0.879997106446698,0.00629582501003475,0,1,15.0700175,0.0664086,1,ok
11,Penalty 1.5x,Penalty,1.5,3,855,ST-EA*,952,10.0800733444076,8.38453784396089,81.5453060984331,0.444044203750937,0.0127902875457885,0,1,3.3193473,NaN,0,ok
11,Penalty 1.5x,Penalty,1.5,3,855,Greedy,963,4847.06965622981,60.2310654185118,221.607729915636,6.78785810564997,0.169580331654052,31.7981356013388,0,0.1103635,0.0775417,1,ok
11,Penalty 1.5x,Penalty,1.5,4,948,RA-ALA,1012,10.9313609290208,8.97921933663516,96.5865526222409,0.560399460942803,0.00264547319813321,0,1,210.2950167,0.8446284,0,ok
11,Penalty 1.5x,Penalty,1.5,4,948,Energy-A*,1023,31.5838968189404,8.11719732339624,91.0482640523603,0,0.00418925317058193,0.151107142867125,0,15.0017779,0.0531088,1,ok
11,Penalty 1.5x,Penalty,1.5,4,948,Informed-RRT*,1034,51.1219883891419,19.1814567777571,153.021363786084,3.12862709100389,0.0112074556145535,0.161973498944539,0,15.0819432,0.0755244,1,ok
11,Penalty 1.5x,Penalty,1.5,4,948,ST-EA*,1045,13.4536070337272,11.7463889873837,92.9365036966795,0.454952557844741,0.00228420665150018,0,1,2.0118078,NaN,0,ok
11,Penalty 1.5x,Penalty,1.5,4,948,Greedy,1056,2888.56309466133,84.2653519525091,343.809684746618,9.05936586639536,0.995557950269208,18.4890556717808,0,0.1199619,0.0856612,1,ok
11,Penalty 1.5x,Penalty,1.5,5,1041,RA-ALA,1105,154.827250895716,9.59592774619739,99.5685279329015,1.2170853079723,0,0.946449432005332,0,267.7980204,0.6673774,0,ok
11,Penalty 1.5x,Penalty,1.5,5,1041,Energy-A*,1116,485.015238647035,9.22050665173476,84.4196363215675,0.441646631261612,0.000454171750552154,3.16135600030616,0,15.0704164,0.0706868,1,ok
11,Penalty 1.5x,Penalty,1.5,5,1041,Informed-RRT*,1127,320.885677800969,6.81273540827646,69.3828678263447,0,0,2.08996501218316,0,15.0083963,0.0520715,1,ok
11,Penalty 1.5x,Penalty,1.5,5,1041,ST-EA*,1138,NaN,NaN,NaN,NaN,NaN,NaN,0,15.0053595,NaN,0,failed: WeightSensitivity:EmptySTPath
11,Penalty 1.5x,Penalty,1.5,5,1041,Greedy,1149,6043.9556861951,47.7124549074291,201.339193623177,6.08870637728634,0.289456287744071,39.8632895269475,0,0.1111316,0.0772661,1,ok
11,Penalty 1.5x,Penalty,1.5,6,1103,RA-ALA,1167,7.07513864004039,5.86024847188427,56.98644285994,0.313748532188584,0.0112506079946121,0,1,214.186427,0.5731635,0,ok
11,Penalty 1.5x,Penalty,1.5,6,1103,Energy-A*,1178,90.4766458127565,5.93385287764569,55.6772671405548,0,0.00811680597028711,0.559984317661578,0,15.00418,0.0516474,1,ok
11,Penalty 1.5x,Penalty,1.5,6,1103,Informed-RRT*,1189,90.4766458127565,5.93385287764569,55.6772671405548,0,0.00811680597028711,0.559984317661578,0,15.0160866,0.0581282,1,ok
11,Penalty 1.5x,Penalty,1.5,6,1103,ST-EA*,1200,9.15067694141527,7.72377541334994,63.8900232926744,0.44152631500133,0.00114320372903833,0,1,1.3060678,NaN,0,ok
11,Penalty 1.5x,Penalty,1.5,6,1103,Greedy,1211,18549.8976473383,73.3557602709893,398.980846558556,10.3755752802698,1.58546569199948,122.910741594659,0,0.3601363,0.2426732,1,ok
11,Penalty 1.5x,Penalty,1.5,7,1227,RA-ALA,1291,19.2464785382329,13.051110607175,112.977297772106,2.61747406929922,0.00189423110252536,0,1,212.0076012,0.6147516,0,ok
11,Penalty 1.5x,Penalty,1.5,7,1227,Energy-A*,1302,12.1233890860294,10.3032629189982,111.436477894095,0.445744425623543,0,0,1,4.195197,0.062992,1,ok
11,Penalty 1.5x,Penalty,1.5,7,1227,Informed-RRT*,1313,92.2993458391587,11.2929875310122,125.36135568022,0.934113874906086,0.106642556730551,0.513513513513514,0,15.079919,0.0772125,1,ok
11,Penalty 1.5x,Penalty,1.5,7,1227,ST-EA*,1324,11.3935111413448,9.66921226716914,99.9372027514302,0.445744425623543,0,0,1,9.0854801,NaN,0,ok
11,Penalty 1.5x,Penalty,1.5,7,1227,Greedy,1335,3902.80346793758,91.2665909277939,322.980945528682,8.65290985223017,1.1780839634881,25.1983913986069,0,0.1200925,0.0867419,1,ok
11,Penalty 1.5x,Penalty,1.5,8,1475,RA-ALA,1539,7.75983304817483,6.59225257046971,61.5436506518163,0.327358361136658,0,0,1,209.4326082,0.5821936,0,ok
11,Penalty 1.5x,Penalty,1.5,8,1475,Energy-A*,1550,10.5319785047296,8.9848335450685,79.9761556593677,0.440338497916537,0,0,1,3.5854642,0.0672145,1,ok
11,Penalty 1.5x,Penalty,1.5,8,1475,Informed-RRT*,1561,9.63667708777805,7.23797750765228,65.51020517092,0.926389116086667,2.97152810840509e-07,0,1,15.0902857,0.06091,1,ok
11,Penalty 1.5x,Penalty,1.5,8,1475,ST-EA*,1572,8.33604935182957,6.90735351594626,60.0870773257495,0.463985095751033,0,0,1,2.8413808,NaN,0,ok
11,Penalty 1.5x,Penalty,1.5,8,1475,Greedy,1583,13868.1918162542,79.5436443089229,225.446828237379,16.4738525606885,0.157119404644307,91.6816703280586,0,0.1441942,0.1155637,1,ok
11,Penalty 1.5x,Penalty,1.5,9,2312,RA-ALA,2376,11.902932888461,8.93937209751522,87.1615321078612,1.10871698255733,0.0019780724932288,0,1,251.4485067,0.657382,0,ok
11,Penalty 1.5x,Penalty,1.5,9,2312,Energy-A*,2387,12.4447663164459,8.46304862906453,80.8136758756369,0.448785444702423,0.241069949901284,0,1,1.7741082,0.0607954,1,ok
11,Penalty 1.5x,Penalty,1.5,9,2312,Informed-RRT*,2398,181.130479368465,9.15157739687103,93.6021719146955,1.27683914702271,0.0454922808380126,1.1212685517992,0,15.0673637,0.0626675,1,ok
11,Penalty 1.5x,Penalty,1.5,9,2312,ST-EA*,2409,11.0575176493341,9.48035307267035,80.6106112124641,0.448785444702423,0.000783859382165446,0,1,7.4640122,NaN,0,ok
11,Penalty 1.5x,Penalty,1.5,9,2312,Greedy,2420,12356.8209841644,76.4699880573946,246.043175503947,13.6390420451458,0.289905173286125,81.6541566699199,0,0.1460916,0.1078767,1,ok
11,Penalty 1.5x,Penalty,1.5,10,2560,RA-ALA,2624,15.8316018141507,11.4533918454411,91.8257956517163,1.77350170568559,0.00659915935741741,0,1,217.4326267,0.944195,0,ok
11,Penalty 1.5x,Penalty,1.5,10,2560,Energy-A*,2635,35.7910118888548,8.49204585676245,77.9382152958599,0.464147717544105,0.0709719422814027,0.166743106978164,0,3.5993322,0.0586517,1,ok
11,Penalty 1.5x,Penalty,1.5,10,2560,Informed-RRT*,2646,31.895457107725,9.13222638800016,91.3086833948442,1.00690696306578,0.0176684138044616,0.132078846403944,0,15.0770378,0.0629154,1,ok
11,Penalty 1.5x,Penalty,1.5,10,2560,ST-EA*,2657,NaN,NaN,NaN,NaN,NaN,NaN,0,0.0291811,NaN,0,failed: WeightSensitivity:EmptySTPath
11,Penalty 1.5x,Penalty,1.5,10,2560,Greedy,2668,3168.30521263604,55.7361204853682,205.004303151231,7.94556717861246,0.175074911746939,20.621458929887,0,0.1294068,0.0831828,1,ok
