environment_id,env_seed,run_within_environment,algorithm_seed,algorithm,wall_clock_s,evaluatePath_calls,search_fitness_calls,rescueA_adopted,rescueB_adopted,search_time_s,topk_time_s,recovery_time_s,actual_iterations_or_nodes,planner_success,budget_reached,timed_out,exception,path_points,J,penalty_total,final_feasible,failure_reason
1,483,1,547,RA-ALA,280.8357913,4929,3240,0,0,275.1970124,1.2286181,0,80,1,1,0,0,10,17.3524910323008,0,1,none
1,483,1,558,Energy-A*,1.8339438,1673,0,0,0,NaN,NaN,NaN,100,1,0,0,0,57,21.2527116435581,0,1,none
1,483,1,569,Informed-RRT*,15.1152283,7249,0,0,0,NaN,NaN,NaN,995,1,1,1,0,37,298.003814920212,2.77121274604531,0,timeout_without_feasible_output
1,483,1,580,ST-EA*,15.0121278,14712,0,0,0,NaN,NaN,NaN,613,0,1,1,0,2,NaN,NaN,0,timeout_without_feasible_output
1,483,1,591,Greedy,0.1414699,1,0,0,0,NaN,NaN,NaN,1,1,0,0,0,53,3415.38837842326,33.4688340703414,0,final_hard_constraint_violation
1,483,2,600,RA-ALA,296.1623259,4931,3240,0,0,290.5170441,1.27911,0.1751905,80,0,1,0,0,10,22.4443300792516,0.0351483622965476,0,final_hard_constraint_violation
1,483,2,611,Energy-A*,1.7650489,1673,0,0,0,NaN,NaN,NaN,100,1,0,0,0,57,21.2527116435581,0,1,none
1,483,2,622,Informed-RRT*,15.0775932,7266,0,0,0,NaN,NaN,NaN,970,1,1,1,0,30,14.1181013434549,0,1,none
1,483,2,633,ST-EA*,15.0187043,15072,0,0,0,NaN,NaN,NaN,628,0,1,1,0,2,NaN,NaN,0,timeout_without_feasible_output
1,483,2,644,Greedy,0.1226775,1,0,0,0,NaN,NaN,NaN,1,1,0,0,0,53,3415.38837842326,33.4688340703414,0,final_hard_constraint_violation
1,483,3,653,RA-ALA,250.418015,4929,3240,0,0,245.2341693,1.0084565,0,80,1,1,0,0,10,16.2740398317633,0,1,none
1,483,3,664,Energy-A*,1.7420632,1673,0,0,0,NaN,NaN,NaN,100,1,0,0,0,57,21.2527116435581,0,1,none
1,483,3,675,Informed-RRT*,15.0863655,7213,0,0,0,NaN,NaN,NaN,956,1,1,1,0,35,15.4171120605485,0,1,none
1,483,3,686,ST-EA*,15.0240586,14928,0,0,0,NaN,NaN,NaN,622,0,1,1,0,2,NaN,NaN,0,timeout_without_feasible_output
1,483,3,697,Greedy,0.1233985,1,0,0,0,NaN,NaN,NaN,1,1,0,0,0,53,3415.38837842326,33.4688340703414,0,final_hard_constraint_violation
2,638,1,702,RA-ALA,214.3525455,11965,3240,0,0,201.6466979,0.5945647,0.1195411,80,0,1,0,0,83,14.8647591132087,0.0138542133858391,0,final_hard_constraint_violation
2,638,1,713,Energy-A*,9.0145995,8712,0,0,0,NaN,NaN,NaN,579,1,0,0,0,64,163.347328614456,1.51361706238471,0,final_hard_constraint_violation
2,638,1,724,Informed-RRT*,0.002988,0,0,0,0,NaN,NaN,NaN,1500,0,1,0,0,2,NaN,NaN,0,goal_not_reached
2,638,1,735,ST-EA*,0.0424886,24,0,0,0,NaN,NaN,NaN,1,0,0,0,0,2,NaN,NaN,0,goal_not_reached
2,638,1,746,Greedy,0.1064267,1,0,0,0,NaN,NaN,NaN,1,1,0,0,0,46,2084.78885099314,20.4529868253069,0,final_hard_constraint_violation
2,638,2,755,RA-ALA,208.7848698,11965,3240,0,0,196.6799489,0.5724151,0.1169984,80,0,1,0,0,81,15.1104580515739,0.0134119258263456,0,final_hard_constraint_violation
2,638,2,766,Energy-A*,8.9799622,8712,0,0,0,NaN,NaN,NaN,579,1,0,0,0,64,163.347328614456,1.51361706238471,0,final_hard_constraint_violation
2,638,2,777,Informed-RRT*,0.0025233,0,0,0,0,NaN,NaN,NaN,1500,0,1,0,0,2,NaN,NaN,0,goal_not_reached
2,638,2,788,ST-EA*,0.0379171,24,0,0,0,NaN,NaN,NaN,1,0,0,0,0,2,NaN,NaN,0,goal_not_reached
2,638,2,799,Greedy,0.1014606,1,0,0,0,NaN,NaN,NaN,1,1,0,0,0,46,2084.78885099314,20.4529868253069,0,final_hard_constraint_violation
2,638,3,808,RA-ALA,217.4560689,11965,3240,0,0,205.3232918,0.6167056,0.1310767,80,0,1,0,0,87,23.1264172745311,0.00305808913557816,0,final_hard_constraint_violation
2,638,3,819,Energy-A*,8.9673003,8712,0,0,0,NaN,NaN,NaN,579,1,0,0,0,64,163.347328614456,1.51361706238471,0,final_hard_constraint_violation
2,638,3,830,Informed-RRT*,0.0020926,0,0,0,0,NaN,NaN,NaN,1500,0,1,0,0,2,NaN,NaN,0,goal_not_reached
2,638,3,841,ST-EA*,0.0318912,24,0,0,0,NaN,NaN,NaN,1,0,0,0,0,2,NaN,NaN,0,goal_not_reached
2,638,3,852,Greedy,0.1019609,1,0,0,0,NaN,NaN,NaN,1,1,0,0,0,46,2084.78885099314,20.4529868253069,0,final_hard_constraint_violation
3,855,1,919,RA-ALA,274.6173149,7659,3240,0,0,266.8212555,0.8213827,0,80,1,1,0,0,10,20.4331635817367,0,1,none
3,855,1,930,Energy-A*,4.6006826,4408,0,0,0,NaN,NaN,NaN,274,1,0,0,0,58,116.574390981121,1.04511278195489,0,final_hard_constraint_violation
3,855,1,941,Informed-RRT*,15.0708331,7246,0,0,0,NaN,NaN,NaN,1024,1,1,1,0,31,12.6048181863127,0,1,none
3,855,1,952,ST-EA*,3.2460317,3217,0,0,0,NaN,NaN,NaN,135,1,0,0,0,56,10.0800733444076,0,1,none
3,855,1,963,Greedy,0.1098379,1,0,0,0,NaN,NaN,NaN,1,1,0,0,0,42,3257.16287616287,31.7981356013388,0,final_hard_constraint_violation
3,855,2,972,RA-ALA,224.0853008,7659,3240,0,0,216.4756909,0.6108515,0,80,1,1,0,0,10,12.5514416462592,0,1,none
3,855,2,983,Energy-A*,4.6199752,4408,0,0,0,NaN,NaN,NaN,274,1,0,0,0,58,116.574390981121,1.04511278195489,0,final_hard_constraint_violation
3,855,2,994,Informed-RRT*,15.0803887,7226,0,0,0,NaN,NaN,NaN,1020,1,1,1,0,29,39.9350838995294,0.268786107410697,0,timeout_without_feasible_output
3,855,2,1005,ST-EA*,3.257112,3217,0,0,0,NaN,NaN,NaN,135,1,0,0,0,56,10.0800733444076,0,1,none
3,855,2,1016,Greedy,0.110103,1,0,0,0,NaN,NaN,NaN,1,1,0,0,0,42,3257.16287616287,31.7981356013388,0,final_hard_constraint_violation
3,855,3,1025,RA-ALA,233.9090283,7659,3240,0,0,226.2378523,0.6259535,0,80,1,1,0,0,10,15.4700973866341,0,1,none
3,855,3,1036,Energy-A*,4.5886383,4408,0,0,0,NaN,NaN,NaN,274,1,0,0,0,58,116.574390981121,1.04511278195489,0,final_hard_constraint_violation
3,855,3,1047,Informed-RRT*,15.0825712,7273,0,0,0,NaN,NaN,NaN,1081,1,1,1,0,35,98.7499811559403,0.796911175563537,0,timeout_without_feasible_output
3,855,3,1058,ST-EA*,3.259164,3217,0,0,0,NaN,NaN,NaN,135,1,0,0,0,56,10.0800733444076,0,1,none
3,855,3,1069,Greedy,0.1087495,1,0,0,0,NaN,NaN,NaN,1,1,0,0,0,42,3257.16287616287,31.7981356013388,0,final_hard_constraint_violation
4,948,1,1012,RA-ALA,212.0918494,17814,3240,0,0,193.8156632,0.8522491,0,80,1,1,0,0,10,10.9313609298401,0,1,none
4,948,1,1023,Energy-A*,15.0058994,14313,0,0,0,NaN,NaN,NaN,1062,0,1,1,0,2,NaN,NaN,0,timeout_without_feasible_output
4,948,1,1034,Informed-RRT*,15.0958011,7317,0,0,0,NaN,NaN,NaN,1047,1,1,1,0,36,43.023313441915,0.161973498944539,0,timeout_without_feasible_output
4,948,1,1045,ST-EA*,2.0025562,1969,0,0,0,NaN,NaN,NaN,83,1,0,0,0,55,13.4536070337272,0,1,none
4,948,1,1056,Greedy,0.1216913,1,0,0,0,NaN,NaN,NaN,1,1,0,0,0,48,1964.11031107229,18.4890556717808,0,final_hard_constraint_violation
4,948,2,1065,RA-ALA,204.695391,17877,3240,0,0,186.4855093,0.829494,0,80,1,1,0,0,79,12.9931592340415,0,1,none
4,948,2,1076,Energy-A*,15.0070677,14637,0,0,0,NaN,NaN,NaN,1086,0,1,1,0,2,NaN,NaN,0,timeout_without_feasible_output
4,948,2,1087,Informed-RRT*,15.1159723,7158,0,0,0,NaN,NaN,NaN,998,1,1,1,0,36,80.7146612155905,0.65,0,timeout_without_feasible_output
4,948,2,1098,ST-EA*,2.0814068,1969,0,0,0,NaN,NaN,NaN,83,1,0,0,0,55,13.4536070337272,0,1,none
4,948,2,1109,Greedy,0.1249532,1,0,0,0,NaN,NaN,NaN,1,1,0,0,0,48,1964.11031107229,18.4890556717808,0,final_hard_constraint_violation
4,948,3,1118,RA-ALA,217.0170263,17396,3240,0,0,198.6853301,0.8724946,0,80,1,1,0,0,10,15.5539349013459,0,1,none
4,948,3,1129,Energy-A*,15.0040562,14583,0,0,0,NaN,NaN,NaN,1082,0,1,1,0,2,NaN,NaN,0,timeout_without_feasible_output
4,948,3,1140,Informed-RRT*,15.1200384,7312,0,0,0,NaN,NaN,NaN,964,1,1,1,0,35,31.9429763495697,0.172413793103448,0,timeout_without_feasible_output
4,948,3,1151,ST-EA*,2.0280001,1969,0,0,0,NaN,NaN,NaN,83,1,0,0,0,55,13.4536070337272,0,1,none
4,948,3,1162,Greedy,0.1252823,1,0,0,0,NaN,NaN,NaN,1,1,0,0,0,48,1964.11031107229,18.4890556717808,0,final_hard_constraint_violation
5,1041,1,1105,RA-ALA,258.1877125,17449,3240,0,0,240.059606,0.6660623,0,80,1,1,0,0,92,12.5052171114718,0,1,none
5,1041,1,1116,Energy-A*,15.0708839,14268,0,0,0,NaN,NaN,NaN,1081,1,1,1,0,56,326.947438631726,3.16135600030616,0,timeout_without_feasible_output
5,1041,1,1127,Informed-RRT*,15.0003075,10049,0,0,0,NaN,NaN,NaN,940,0,1,1,0,2,NaN,NaN,0,timeout_without_feasible_output
5,1041,1,1138,ST-EA*,15.0248042,14880,0,0,0,NaN,NaN,NaN,620,0,1,1,0,2,NaN,NaN,0,timeout_without_feasible_output
5,1041,1,1149,Greedy,0.1169749,1,0,0,0,NaN,NaN,NaN,1,1,0,0,0,46,4050.79120984772,39.8632895269475,0,final_hard_constraint_violation
5,1041,2,1158,RA-ALA,325.993782,17895,3240,0,0,307.1388707,1.0283143,0.2998762,80,0,1,0,0,10,108.546274090123,0.873273789287861,0,final_hard_constraint_violation
5,1041,2,1169,Energy-A*,15.0635534,14235,0,0,0,NaN,NaN,NaN,1078,1,1,1,0,56,326.947438631726,3.16135600030616,0,timeout_without_feasible_output
5,1041,2,1180,Informed-RRT*,15.0158638,9460,0,0,0,NaN,NaN,NaN,1003,0,1,1,0,2,NaN,NaN,0,timeout_without_feasible_output
5,1041,2,1191,ST-EA*,15.0111534,14856,0,0,0,NaN,NaN,NaN,619,0,1,1,0,2,NaN,NaN,0,timeout_without_feasible_output
5,1041,2,1202,Greedy,0.1119077,1,0,0,0,NaN,NaN,NaN,1,1,0,0,0,46,4050.79120984772,39.8632895269475,0,final_hard_constraint_violation
5,1041,3,1211,RA-ALA,271.1503584,17223,3240,0,0,252.8342046,0.6876661,0,80,1,1,0,0,98,15.8018101092693,0,1,none
5,1041,3,1222,Energy-A*,15.0700236,14655,0,0,0,NaN,NaN,NaN,1116,1,1,1,0,56,326.947438631726,3.16135600030616,0,timeout_without_feasible_output
5,1041,3,1233,Informed-RRT*,15.0042657,10931,0,0,0,NaN,NaN,NaN,963,0,1,1,0,2,NaN,NaN,0,timeout_without_feasible_output
5,1041,3,1244,ST-EA*,15.0209444,14784,0,0,0,NaN,NaN,NaN,616,0,1,1,0,2,NaN,NaN,0,timeout_without_feasible_output
5,1041,3,1255,Greedy,0.1132896,1,0,0,0,NaN,NaN,NaN,1,1,0,0,0,46,4050.79120984772,39.8632895269475,0,final_hard_constraint_violation
6,1103,1,1167,RA-ALA,220.3044205,17316,3240,0,0,202.1158035,0.6314138,0,80,1,1,0,0,10,7.05085178826035,0,1,none
6,1103,1,1178,Energy-A*,15.0073402,14321,0,0,0,NaN,NaN,NaN,1151,0,1,1,0,2,NaN,NaN,0,timeout_without_feasible_output
6,1103,1,1189,Informed-RRT*,15.019483,7111,0,0,0,NaN,NaN,NaN,1009,0,1,1,0,2,NaN,NaN,0,timeout_without_feasible_output
6,1103,1,1200,ST-EA*,1.3311968,1249,0,0,0,NaN,NaN,NaN,53,1,0,0,0,47,9.15067694141527,0,1,none
6,1103,1,1211,Greedy,0.3772059,1,0,0,0,NaN,NaN,NaN,1,1,0,0,0,211,12404.3605676054,122.910741594659,0,final_hard_constraint_violation
6,1103,2,1220,RA-ALA,213.1283965,17694,3240,0,0,194.9164491,0.6432886,0,80,1,1,0,0,10,7.89211314077143,0,1,none
6,1103,2,1231,Energy-A*,15.0048777,13234,0,0,0,NaN,NaN,NaN,1056,0,1,1,0,2,NaN,NaN,0,timeout_without_feasible_output
6,1103,2,1242,Informed-RRT*,15.0140035,6796,0,0,0,NaN,NaN,NaN,1066,0,1,1,0,2,NaN,NaN,0,timeout_without_feasible_output
6,1103,2,1253,ST-EA*,1.32886,1249,0,0,0,NaN,NaN,NaN,53,1,0,0,0,47,9.15067694141527,0,1,none
6,1103,2,1264,Greedy,0.4691653,1,0,0,0,NaN,NaN,NaN,1,1,0,0,0,211,12404.3605676054,122.910741594659,0,final_hard_constraint_violation
6,1103,3,1273,RA-ALA,230.5960657,17547,3240,0,0,212.407332,0.5910806,0,80,1,1,0,0,10,8.40917146919151,0,1,none
6,1103,3,1284,Energy-A*,15.0028318,14079,0,0,0,NaN,NaN,NaN,1131,0,1,1,0,2,NaN,NaN,0,timeout_without_feasible_output
6,1103,3,1295,Informed-RRT*,15.0061895,6921,0,0,0,NaN,NaN,NaN,1064,0,1,1,0,2,NaN,NaN,0,timeout_without_feasible_output
6,1103,3,1306,ST-EA*,1.4058755,1249,0,0,0,NaN,NaN,NaN,53,1,0,0,0,47,9.15067694141527,0,1,none
6,1103,3,1317,Greedy,0.4068431,1,0,0,0,NaN,NaN,NaN,1,1,0,0,0,211,12404.3605676054,122.910741594659,0,final_hard_constraint_violation
7,1227,1,1291,RA-ALA,202.9161818,7307,3240,0,0,195.0269958,0.5563025,0,80,1,1,0,0,10,15.7966813033688,0,1,none
7,1227,1,1302,Energy-A*,3.964755,4056,0,0,0,NaN,NaN,NaN,258,1,0,0,0,66,12.1233890860294,0,1,none
7,1227,1,1313,Informed-RRT*,15.1017799,7828,0,0,0,NaN,NaN,NaN,1098,1,1,1,0,40,66.623670163483,0.513513513513514,0,timeout_without_feasible_output
7,1227,1,1324,ST-EA*,8.5815667,9313,0,0,0,NaN,NaN,NaN,389,1,0,0,0,57,11.3935111413448,0,1,none
7,1227,1,1335,Greedy,0.1123167,1,0,0,0,NaN,NaN,NaN,1,1,0,0,0,48,2642.88389800723,25.1983913986069,0,final_hard_constraint_violation
7,1227,2,1344,RA-ALA,263.2801138,7307,3240,0,0,256.1893535,0.8206986,0,80,1,1,0,0,10,22.9604752473979,0,1,none
7,1227,2,1355,Energy-A*,4.3702869,4056,0,0,0,NaN,NaN,NaN,258,1,0,0,0,66,12.1233890860294,0,1,none
7,1227,2,1366,Informed-RRT*,15.0701967,7287,0,0,0,NaN,NaN,NaN,1013,1,1,1,0,33,1126.75402668859,10.987463107135,0,timeout_without_feasible_output
7,1227,2,1377,ST-EA*,9.1669653,9313,0,0,0,NaN,NaN,NaN,389,1,0,0,0,57,11.3935111413448,0,1,none
7,1227,2,1388,Greedy,0.1205108,1,0,0,0,NaN,NaN,NaN,1,1,0,0,0,48,2642.88389800723,25.1983913986069,0,final_hard_constraint_violation
7,1227,3,1397,RA-ALA,219.8729086,7307,3240,0,0,212.5734487,0.6147352,0,80,1,1,0,0,10,13.5267483807815,0,1,none
7,1227,3,1408,Energy-A*,4.2117224,4056,0,0,0,NaN,NaN,NaN,258,1,0,0,0,66,12.1233890860294,0,1,none
7,1227,3,1419,Informed-RRT*,15.0817756,7286,0,0,0,NaN,NaN,NaN,1045,1,1,1,0,38,2220.00956399149,21.9381455522349,0,timeout_without_feasible_output
7,1227,3,1430,ST-EA*,9.1163146,9313,0,0,0,NaN,NaN,NaN,389,1,0,0,0,57,11.3935111413448,0,1,none
7,1227,3,1441,Greedy,0.1289132,1,0,0,0,NaN,NaN,NaN,1,1,0,0,0,48,2642.88389800723,25.1983913986069,0,final_hard_constraint_violation
8,1475,1,1539,RA-ALA,209.141364,6749,3240,0,0,202.4263599,0.5975072,0,80,1,1,0,0,10,7.6568105357582,0,1,none
8,1475,1,1550,Energy-A*,3.6420164,3498,0,0,0,NaN,NaN,NaN,245,1,0,0,0,63,10.5319785047296,0,1,none
8,1475,1,1561,Informed-RRT*,15.0687055,7307,0,0,0,NaN,NaN,NaN,993,1,1,1,0,29,9.63667708777805,0,1,none
8,1475,1,1572,ST-EA*,2.8678157,2785,0,0,0,NaN,NaN,NaN,117,1,0,0,0,45,8.33604935182957,0,1,none
8,1475,1,1583,Greedy,0.1494326,1,0,0,0,NaN,NaN,NaN,1,1,0,0,0,46,9284.10829985125,91.6816703280586,0,final_hard_constraint_violation
8,1475,2,1592,RA-ALA,194.2797579,6749,3240,0,0,187.665313,0.5303522,0,80,1,1,0,0,10,8.11030880794324,0,1,none
8,1475,2,1603,Energy-A*,3.404098,3498,0,0,0,NaN,NaN,NaN,245,1,0,0,0,63,10.5319785047296,0,1,none
8,1475,2,1614,Informed-RRT*,15.0647857,7793,0,0,0,NaN,NaN,NaN,1043,1,1,1,0,30,9.9516881696477,0,1,none
8,1475,2,1625,ST-EA*,2.7088512,2785,0,0,0,NaN,NaN,NaN,117,1,0,0,0,45,8.33604935182957,0,1,none
8,1475,2,1636,Greedy,0.1384312,1,0,0,0,NaN,NaN,NaN,1,1,0,0,0,46,9284.10829985125,91.6816703280586,0,final_hard_constraint_violation
8,1475,3,1645,RA-ALA,196.3836885,6749,3240,0,0,190.1065227,0.5647342,0,80,1,1,0,0,10,7.46398302362481,0,1,none
8,1475,3,1656,Energy-A*,3.6425293,3498,0,0,0,NaN,NaN,NaN,245,1,0,0,0,63,10.5319785047296,0,1,none
8,1475,3,1667,Informed-RRT*,15.0906365,7364,0,0,0,NaN,NaN,NaN,1051,1,1,1,0,33,635.137307563922,6.21066230799957,0,timeout_without_feasible_output
8,1475,3,1678,ST-EA*,2.8807493,2785,0,0,0,NaN,NaN,NaN,117,1,0,0,0,45,8.33604935182957,0,1,none
8,1475,3,1689,Greedy,0.1482951,1,0,0,0,NaN,NaN,NaN,1,1,0,0,0,46,9284.10829985125,91.6816703280586,0,final_hard_constraint_violation
9,2312,1,2376,RA-ALA,228.0217348,4928,3240,0,0,223.0612841,0.5962601,0,80,1,1,0,0,10,10.8568623219723,0,1,none
9,2312,1,2387,Energy-A*,1.8061928,1677,0,0,0,NaN,NaN,NaN,90,1,0,0,0,56,12.4447663164459,0,1,none
9,2312,1,2398,Informed-RRT*,15.1166137,7393,0,0,0,NaN,NaN,NaN,1005,1,1,1,0,32,125.067051778505,1.1212685517992,0,timeout_without_feasible_output
9,2312,1,2409,ST-EA*,7.552316,7537,0,0,0,NaN,NaN,NaN,315,1,0,0,0,56,11.0575176493341,0,1,none
9,2312,1,2420,Greedy,0.1487203,1,0,0,0,NaN,NaN,NaN,1,1,0,0,0,52,8274.11315066841,81.6541566699199,0,final_hard_constraint_violation
9,2312,2,2429,RA-ALA,220.0897882,4928,3240,0,0,215.2229644,0.6120722,0,80,1,1,0,0,10,11.6223535222251,0,1,none
9,2312,2,2440,Energy-A*,1.8073658,1677,0,0,0,NaN,NaN,NaN,90,1,0,0,0,56,12.4447663164459,0,1,none
9,2312,2,2451,Informed-RRT*,15.0856722,7444,0,0,0,NaN,NaN,NaN,939,1,1,1,0,29,36.3212871661697,0.266666666666667,0,timeout_without_feasible_output
9,2312,2,2462,ST-EA*,7.5345943,7537,0,0,0,NaN,NaN,NaN,315,1,0,0,0,56,11.0575176493341,0,1,none
9,2312,2,2473,Greedy,0.1450762,1,0,0,0,NaN,NaN,NaN,1,1,0,0,0,52,8274.11315066841,81.6541566699199,0,final_hard_constraint_violation
9,2312,3,2482,RA-ALA,239.3814737,4928,3240,0,0,234.5451746,0.6001069,0,80,1,1,0,0,10,13.8236435173246,0,1,none
9,2312,3,2493,Energy-A*,1.6693287,1677,0,0,0,NaN,NaN,NaN,90,1,0,0,0,56,12.4447663164459,0,1,none
9,2312,3,2504,Informed-RRT*,15.0768666,7789,0,0,0,NaN,NaN,NaN,949,1,1,1,0,33,69.1501996462224,0.572527562414206,0,timeout_without_feasible_output
9,2312,3,2515,ST-EA*,7.0236973,7537,0,0,0,NaN,NaN,NaN,315,1,0,0,0,56,11.0575176493341,0,1,none
9,2312,3,2526,Greedy,0.1363171,1,0,0,0,NaN,NaN,NaN,1,1,0,0,0,52,8274.11315066841,81.6541566699199,0,final_hard_constraint_violation
10,2560,1,2624,RA-ALA,198.6208493,6713,3240,0,0,192.0331275,0.8716768,0,80,1,1,0,0,83,10.9225705760482,0,1,none
10,2560,1,2635,Energy-A*,3.6486917,3457,0,0,0,NaN,NaN,NaN,212,1,0,0,0,56,27.4538565399466,0.166743106978164,0,final_hard_constraint_violation
10,2560,1,2646,Informed-RRT*,15.0877827,7303,0,0,0,NaN,NaN,NaN,982,1,1,1,0,31,25.2915147875278,0.132078846403944,0,timeout_without_feasible_output
10,2560,1,2657,ST-EA*,0.0288548,24,0,0,0,NaN,NaN,NaN,1,0,0,0,0,2,NaN,NaN,0,goal_not_reached
10,2560,1,2668,Greedy,0.1170041,1,0,0,0,NaN,NaN,NaN,1,1,0,0,0,48,2137.23226614169,20.621458929887,0,final_hard_constraint_violation
10,2560,2,2677,RA-ALA,299.1275241,6715,3240,0,0,291.794068,1.1257342,0.160737,80,0,1,0,0,10,37.7407076719822,0.112243847294786,0,final_hard_constraint_violation
10,2560,2,2688,Energy-A*,3.6111261,3457,0,0,0,NaN,NaN,NaN,212,1,0,0,0,56,27.4538565399466,0.166743106978164,0,final_hard_constraint_violation
10,2560,2,2699,Informed-RRT*,15.0989161,7374,0,0,0,NaN,NaN,NaN,1088,1,1,1,0,37,32.4380909151407,0.148137972427385,0,timeout_without_feasible_output
10,2560,2,2710,ST-EA*,0.0289374,24,0,0,0,NaN,NaN,NaN,1,0,0,0,0,2,NaN,NaN,0,goal_not_reached
10,2560,2,2721,Greedy,0.118857,1,0,0,0,NaN,NaN,NaN,1,1,0,0,0,48,2137.23226614169,20.621458929887,0,final_hard_constraint_violation
10,2560,3,2730,RA-ALA,218.0486605,6713,3240,0,0,211.1283561,0.8774361,0,80,1,1,0,0,85,14.5502106618222,0,1,none
10,2560,3,2741,Energy-A*,3.6715011,3457,0,0,0,NaN,NaN,NaN,212,1,0,0,0,56,27.4538565399466,0.166743106978164,0,final_hard_constraint_violation
10,2560,3,2752,Informed-RRT*,15.0835902,7014,0,0,0,NaN,NaN,NaN,1018,1,1,1,0,33,1140.19456929542,11.2025536671517,0,timeout_without_feasible_output
10,2560,3,2763,ST-EA*,0.0294278,24,0,0,0,NaN,NaN,NaN,1,0,0,0,0,2,NaN,NaN,0,goal_not_reached
10,2560,3,2774,Greedy,0.1213988,1,0,0,0,NaN,NaN,NaN,1,1,0,0,0,48,2137.23226614169,20.621458929887,0,final_hard_constraint_violation
