Algorithm,EnvironmentSeed,AlgorithmSeed,UniqueTrial,ReachedGoal,PlannerSuccess,FailureReason,J,EnergyWh,TimeS,DynamicRisk,Pheight,Pstatic,Pdynamic,PNFZ,Pbattery,Pkinematic,Feasible,EvaluationStatus,NumericalFailure
RA-ALA,483,547,1,1,1,none,10.9349108593506,8.15383604693111,100.076807823234,0.0538581536037746,0,0,0,0,0,0,1,evaluated,0
RA-ALA,483,600,1,1,1,none,14.2080822557259,10.2101142994544,114.746500703153,0.057097753708506,0,0,0,0,0,0,1,evaluated,0
RA-ALA,483,653,1,1,1,none,11.582692246784,8.37556242093647,99.9873343046541,0.0350967733224698,0,0,0,0,0,0,1,evaluated,0
RA-ALA,638,702,1,1,1,execution_constraint_violation,151.235047513482,8.23397536500022,97.8205988004526,0.00904236212027807,1.39476481169996,0.0110497237569061,0,0,0,0,0,evaluated,0
RA-ALA,638,755,1,1,1,execution_constraint_violation,9.47087482348114,7.02677102508788,91.7284720419171,0,0.00731132783877769,0,0,0,0,0,0,evaluated,0
RA-ALA,638,808,1,1,1,execution_constraint_violation,12.6373256368418,8.18729613111483,96.0898794880488,0.0117410121574056,0.00672470906483107,0,0,0,0,0,0,evaluated,0
RA-ALA,855,919,1,1,1,none,15.5351676096806,10.4688215699344,109.778947290673,0.0149783377903816,0,0,0,0,0,0,1,evaluated,0
RA-ALA,855,972,1,1,1,none,7.26804688779822,6.46161315814858,85.6703971184415,0,0,0,0,0,0,0,1,evaluated,0
RA-ALA,855,1025,1,1,1,none,11.3820213369116,8.42830672182967,95.3962387352999,0.000632490601668396,0,0,0,0,0,0,1,evaluated,0
RA-ALA,948,1012,1,1,1,none,8.15829978489121,6.71512535054084,86.5737965397211,4.36686298008747e-05,0,0,0,0,0,0,1,evaluated,0
RA-ALA,948,1065,1,1,1,none,8.35982543324578,6.8562078496853,87.0212696096227,0.00342566853403561,0,0,0,0,0,0,1,evaluated,0
RA-ALA,948,1118,1,1,1,none,9.27750436997862,7.25548039279388,88.8059320718881,0.0019556928595471,0,0,0,0,0,0,1,evaluated,0
RA-ALA,1041,1105,1,1,1,none,11.6353777289472,8.59263336384759,96.3632050301627,8.65873129914025e-05,0,0,0,0,0,0,1,evaluated,0
RA-ALA,1041,1158,1,1,1,execution_constraint_violation,105.451512428028,13.1048079297605,144.089631499926,0.0174057276582073,0.829768088622575,0.0397553516819571,0,0,0,0,0,evaluated,0
RA-ALA,1041,1211,1,1,1,execution_constraint_violation,100.175279269872,9.69148667919162,114.011664307467,0,0.829836831708142,0.039877300613497,0,0,0,0,0,evaluated,0
RA-ALA,1103,1167,1,1,1,none,7.49221832334164,5.784049788273,70.5129852525987,0.0131083945624939,0,0,0,0,0,0,1,evaluated,0
RA-ALA,1103,1220,1,1,1,none,7.13738307902341,5.56895781893055,70.7514205904272,0.00432118696897065,0,0,0,0,0,0,1,evaluated,0
RA-ALA,1103,1273,1,1,1,none,8.44108563305448,6.11752407208882,70.5552404653062,0.0125026821805292,0,0,0,0,0,0,1,evaluated,0
RA-ALA,1227,1291,1,1,1,none,14.3511017120232,9.53221838179634,98.4069079020996,0.000920787073964538,0,0,0,0,0,0,1,evaluated,0
RA-ALA,1227,1344,1,1,1,none,8.84214146837704,7.17532368028695,90.4416072325564,0,0,0,0,0,0,0,1,evaluated,0
RA-ALA,1227,1397,1,1,1,none,9.33385288672612,7.53791665506141,98.3504468082671,0.00297861981606538,0,0,0,0,0,0,1,evaluated,0
RA-ALA,1475,1539,1,1,1,none,8.46769493903934,6.07934254071172,70.4193239403963,0,0,0,0,0,0,0,1,evaluated,0
RA-ALA,1475,1592,1,1,1,none,7.14113683204756,5.54936213226354,67.453064073019,9.29445916241159e-05,0,0,0,0,0,0,1,evaluated,0
RA-ALA,1475,1645,1,1,1,none,7.008231061443,5.48691657433538,68.548852607184,4.35582695166917e-05,0,0,0,0,0,0,1,evaluated,0
RA-ALA,2312,2376,1,1,1,none,9.49280161636249,7.13428837184972,83.5127815640736,0,0,0,0,0,0,0,1,evaluated,0
RA-ALA,2312,2429,1,1,1,none,8.76120318761733,6.82926122596219,86.2738476448991,0.000703680393140862,0,0,0,0,0,0,1,evaluated,0
RA-ALA,2312,2482,1,1,1,none,11.0836683827718,8.17465829896202,95.5146012194315,0.0155481602478779,0,0,0,0,0,0,1,evaluated,0
RA-ALA,2560,2624,1,1,1,none,10.1009913708139,7.13924743449586,80.368124159768,0.00208278262074165,0,0,0,0,0,0,1,evaluated,0
RA-ALA,2560,2677,1,1,1,execution_constraint_violation,34.2557685780551,14.8446209670614,144.507342050458,0.0189461024153748,0.112216775100351,0,0,0,0,0,0,evaluated,0
RA-ALA,2560,2730,1,1,1,none,13.9130260617542,8.76081592781764,84.4974047748592,0.0124957019821948,0,0,0,0,0,0,1,evaluated,0
Energy-A*,483,NaN,1,1,1,none,14.7749655080206,7.3899305218494,90.3309860073339,0.574152118151938,0,0,0,0,0,0,1,evaluated,0
Energy-A*,483,NaN,0,1,1,none,NaN,NaN,NaN,NaN,NaN,NaN,NaN,NaN,NaN,NaN,0,no_path,0
Energy-A*,483,NaN,0,1,1,none,NaN,NaN,NaN,NaN,NaN,NaN,NaN,NaN,NaN,NaN,0,no_path,0
Energy-A*,638,NaN,1,1,1,execution_constraint_violation,167.97291951159,7.51290258166744,91.9184021721214,0,1.50241363807379,0.0857142857142856,0,0,0,0,0,evaluated,0
Energy-A*,638,NaN,0,1,1,execution_constraint_violation,NaN,NaN,NaN,NaN,NaN,NaN,NaN,NaN,NaN,NaN,0,no_path,0
Energy-A*,638,NaN,0,1,1,execution_constraint_violation,NaN,NaN,NaN,NaN,NaN,NaN,NaN,NaN,NaN,NaN,0,no_path,0
Energy-A*,855,NaN,1,1,1,none,8.64679961812307,7.00956783670042,84.7861235705395,0.00425923441662897,0,0,0,0,0,0,1,evaluated,0
Energy-A*,855,NaN,0,1,1,none,NaN,NaN,NaN,NaN,NaN,NaN,NaN,NaN,NaN,NaN,0,no_path,0
Energy-A*,855,NaN,0,1,1,none,NaN,NaN,NaN,NaN,NaN,NaN,NaN,NaN,NaN,NaN,0,no_path,0
Energy-A*,948,NaN,1,1,1,none,9.22531407649912,7.54937834441255,91.9236739676502,0,0,0,0,0,0,0,1,evaluated,0
Energy-A*,948,NaN,0,1,1,none,NaN,NaN,NaN,NaN,NaN,NaN,NaN,NaN,NaN,NaN,0,no_path,0
Energy-A*,948,NaN,0,1,1,none,NaN,NaN,NaN,NaN,NaN,NaN,NaN,NaN,NaN,NaN,0,no_path,0
Energy-A*,1041,NaN,1,1,1,execution_constraint_violation,337.752310548395,7.08403294810438,86.037382694546,0.00885779480981272,2.32825582046702,0.961538461538462,0,0,0,0,0,evaluated,0
Energy-A*,1041,NaN,0,1,1,execution_constraint_violation,NaN,NaN,NaN,NaN,NaN,NaN,NaN,NaN,NaN,NaN,0,no_path,0
Energy-A*,1041,NaN,0,1,1,execution_constraint_violation,NaN,NaN,NaN,NaN,NaN,NaN,NaN,NaN,NaN,NaN,0,no_path,0
Energy-A*,1103,NaN,1,0,0,open_set_or_budget_without_goal,NaN,NaN,NaN,NaN,NaN,NaN,NaN,NaN,NaN,NaN,0,no_path,0
Energy-A*,1103,NaN,0,0,0,open_set_or_budget_without_goal,NaN,NaN,NaN,NaN,NaN,NaN,NaN,NaN,NaN,NaN,0,no_path,0
Energy-A*,1103,NaN,0,0,0,open_set_or_budget_without_goal,NaN,NaN,NaN,NaN,NaN,NaN,NaN,NaN,NaN,NaN,0,no_path,0
Energy-A*,1227,NaN,1,1,1,none,9.34489781468561,7.66954577132874,94.0635830531745,0,0,0,0,0,0,0,1,evaluated,0
Energy-A*,1227,NaN,0,1,1,none,NaN,NaN,NaN,NaN,NaN,NaN,NaN,NaN,NaN,NaN,0,no_path,0
Energy-A*,1227,NaN,0,1,1,none,NaN,NaN,NaN,NaN,NaN,NaN,NaN,NaN,NaN,NaN,0,no_path,0
Energy-A*,1475,NaN,1,1,1,none,8.4088624938004,6.45020343104816,73.9322221880963,0,0,0,0,0,0,0,1,evaluated,0
Energy-A*,1475,NaN,0,1,1,none,NaN,NaN,NaN,NaN,NaN,NaN,NaN,NaN,NaN,NaN,0,no_path,0
Energy-A*,1475,NaN,0,1,1,none,NaN,NaN,NaN,NaN,NaN,NaN,NaN,NaN,NaN,NaN,0,no_path,0
Energy-A*,2312,NaN,1,1,1,none,11.2470802029295,7.19065472027393,86.8542273259752,0.243506936553431,0,0,0,0,0,0,1,evaluated,0
Energy-A*,2312,NaN,0,1,1,none,NaN,NaN,NaN,NaN,NaN,NaN,NaN,NaN,NaN,NaN,0,no_path,0
Energy-A*,2312,NaN,0,1,1,none,NaN,NaN,NaN,NaN,NaN,NaN,NaN,NaN,NaN,NaN,0,no_path,0
Energy-A*,2560,NaN,1,1,1,execution_constraint_violation,26.4774458814747,7.11915795353601,86.1017946382157,0.103816683971556,0.166743106978164,0,0,0,0,0,0,evaluated,0
Energy-A*,2560,NaN,0,1,1,execution_constraint_violation,NaN,NaN,NaN,NaN,NaN,NaN,NaN,NaN,NaN,NaN,0,no_path,0
Energy-A*,2560,NaN,0,1,1,execution_constraint_violation,NaN,NaN,NaN,NaN,NaN,NaN,NaN,NaN,NaN,NaN,0,no_path,0
Informed-RRT*,483,569,1,1,1,execution_constraint_violation,420.810552967253,8.33380265532389,88.0516493669614,0.847195883309103,0,0,3.72113836498274,0.279905579822004,0,0,0,evaluated,0
Informed-RRT*,483,622,1,1,1,execution_constraint_violation,1028.95112137192,8.16411088458937,88.9588123403382,1.30966089974306,0,0,7.14355082694635,2.899708018554,0,0,0,evaluated,0
Informed-RRT*,483,675,1,1,1,execution_constraint_violation,971.06529047491,8.62425511022709,88.8761601646126,1.26962565028556,0,0,7.43976039783002,2.01497276460917,0,0,0,evaluated,0
Informed-RRT*,638,724,1,0,0,goal_not_reached,NaN,NaN,NaN,NaN,NaN,NaN,NaN,NaN,NaN,NaN,0,no_path,0
Informed-RRT*,638,777,1,0,0,goal_not_reached,NaN,NaN,NaN,NaN,NaN,NaN,NaN,NaN,NaN,NaN,0,no_path,0
Informed-RRT*,638,830,1,0,0,goal_not_reached,NaN,NaN,NaN,NaN,NaN,NaN,NaN,NaN,NaN,NaN,0,no_path,0
Informed-RRT*,855,941,1,1,1,none,16.8274605799174,8.96193621575657,90.8177975482536,0.312231792719147,0,0,0,0,0,0,1,evaluated,0
Informed-RRT*,855,994,1,1,1,execution_constraint_violation,104.047153454892,8.81376330759704,92.204879554606,0.404967130754288,0,0,0.866050675831832,0.00268959906496617,0,0,0,evaluated,0
Informed-RRT*,855,1047,1,1,1,execution_constraint_violation,36.1535382118618,7.77140470869576,84.274968554858,0.0116463684252252,0,0,0.250000000000002,0,0,0,0,evaluated,0
Informed-RRT*,948,1034,1,1,1,execution_constraint_violation,46.1335299348672,9.1221413374736,95.7503227937804,0.0322233904782205,0,0,0.322999581064098,0,0,0,0,evaluated,0
Informed-RRT*,948,1087,1,1,1,none,13.9221295136818,9.10774866406403,92.196017133568,0.00397873991018449,0,0,0,0,0,0,1,evaluated,0
Informed-RRT*,948,1140,1,1,1,execution_constraint_violation,55.1492305163616,7.73522476868856,87.8613461724552,0.0111446591461261,0,0,0.444444444444445,0,0,0,0,evaluated,0
Informed-RRT*,1041,1127,1,0,0,goal_not_reached,NaN,NaN,NaN,NaN,NaN,NaN,NaN,NaN,NaN,NaN,0,no_path,0
Informed-RRT*,1041,1180,1,0,0,goal_not_reached,NaN,NaN,NaN,NaN,NaN,NaN,NaN,NaN,NaN,NaN,0,no_path,0
Informed-RRT*,1041,1233,1,0,0,goal_not_reached,NaN,NaN,NaN,NaN,NaN,NaN,NaN,NaN,NaN,NaN,0,no_path,0
Informed-RRT*,1103,1189,1,1,1,none,11.4894694371013,7.3806904562533,73.0011434702517,0.00811657843477341,0,0,0,0,0,0,1,evaluated,0
Informed-RRT*,1103,1242,1,1,1,execution_constraint_violation,426.418515865585,7.29187649558715,75.193701974023,0.466726288075901,0,0,3.11300309597523,0.995113951583012,0,0,0,evaluated,0
Informed-RRT*,1103,1295,1,1,1,execution_constraint_violation,51.4867551346131,7.81850771797329,74.015911345428,0.0269911591124456,0,0,0.3875,0,0,0,0,evaluated,0
Informed-RRT*,1227,1313,1,1,1,none,13.1139564511454,9.06007221258049,99.1690009967276,0.00629964778845476,0,0,0,0,0,0,1,evaluated,0
Informed-RRT*,1227,1366,1,1,1,none,13.947961012855,9.27794548330734,94.7658175433163,0,0,0,0,0,0,0,1,evaluated,0
Informed-RRT*,1227,1419,1,1,1,execution_constraint_violation,64.6591223019703,8.98332974707555,96.0792944077886,0.0216969161787786,0,0,0.512499999999999,0,0,0,0,evaluated,0
Informed-RRT*,1475,1561,1,1,1,none,14.1491643641803,8.58633663030838,76.604638747367,5.10100205289911e-05,0,0,0,0,0,0,1,evaluated,0
Informed-RRT*,1475,1614,1,1,1,none,17.455576964545,10.1743607415633,80.987381897487,0.0015167429560572,0,0,0,0,0,0,1,evaluated,0
Informed-RRT*,1475,1667,1,1,1,none,12.1885127606877,7.682511072812,72.0306593393407,0,0,0,0,0,0,0,1,evaluated,0
Informed-RRT*,2312,2398,1,1,1,none,11.9683392919414,7.97613185911534,84.0683756715136,0.029191104535821,0,0,0,0,0,0,1,evaluated,0
Informed-RRT*,2312,2451,1,1,1,execution_constraint_violation,165.33335861117,6.86048906480197,80.7435180222296,0.103462532243691,0.1484873882444,0.0129870129870127,1.39024390243903,0,0,0,0,evaluated,0
Informed-RRT*,2312,2504,1,1,1,execution_constraint_violation,32.1786858664492,7.86011723591314,84.4473616114031,0.0206726012753423,0,0,0.205128205128205,0,0,0,0,evaluated,0
Informed-RRT*,2560,2646,1,0,0,goal_not_reached,NaN,NaN,NaN,NaN,NaN,NaN,NaN,NaN,NaN,NaN,0,no_path,0
Informed-RRT*,2560,2699,1,0,0,goal_not_reached,NaN,NaN,NaN,NaN,NaN,NaN,NaN,NaN,NaN,NaN,0,no_path,0
Informed-RRT*,2560,2752,1,0,0,goal_not_reached,NaN,NaN,NaN,NaN,NaN,NaN,NaN,NaN,NaN,NaN,0,no_path,0
ST-EA*,483,NaN,1,0,0,wall_clock_timeout,NaN,NaN,NaN,NaN,NaN,NaN,NaN,NaN,NaN,NaN,0,no_path,0
ST-EA*,483,NaN,0,0,0,wall_clock_timeout,NaN,NaN,NaN,NaN,NaN,NaN,NaN,NaN,NaN,NaN,0,no_path,0
ST-EA*,483,NaN,0,0,0,wall_clock_timeout,NaN,NaN,NaN,NaN,NaN,NaN,NaN,NaN,NaN,NaN,0,no_path,0
ST-EA*,638,NaN,1,0,0,open_set_empty,NaN,NaN,NaN,NaN,NaN,NaN,NaN,NaN,NaN,NaN,0,no_path,0
ST-EA*,638,NaN,0,0,0,open_set_empty,NaN,NaN,NaN,NaN,NaN,NaN,NaN,NaN,NaN,NaN,0,no_path,0
ST-EA*,638,NaN,0,0,0,open_set_empty,NaN,NaN,NaN,NaN,NaN,NaN,NaN,NaN,NaN,NaN,0,no_path,0
ST-EA*,855,NaN,1,1,1,none,8.61438446740645,7.01149682212551,84.813616011421,0.000801910435055419,0,0,0,0,0,0,1,evaluated,0
ST-EA*,855,NaN,0,1,1,none,NaN,NaN,NaN,NaN,NaN,NaN,NaN,NaN,NaN,NaN,0,no_path,0
ST-EA*,855,NaN,0,1,1,none,NaN,NaN,NaN,NaN,NaN,NaN,NaN,NaN,NaN,NaN,0,no_path,0
ST-EA*,948,NaN,1,1,1,none,8.71169572786279,7.08295012393281,86.2608585888592,0,0,0,0,0,0,0,1,evaluated,0
ST-EA*,948,NaN,0,1,1,none,NaN,NaN,NaN,NaN,NaN,NaN,NaN,NaN,NaN,NaN,0,no_path,0
ST-EA*,948,NaN,0,1,1,none,NaN,NaN,NaN,NaN,NaN,NaN,NaN,NaN,NaN,NaN,0,no_path,0
ST-EA*,1041,NaN,1,0,0,wall_clock_timeout,NaN,NaN,NaN,NaN,NaN,NaN,NaN,NaN,NaN,NaN,0,no_path,0
ST-EA*,1041,NaN,0,0,0,wall_clock_timeout,NaN,NaN,NaN,NaN,NaN,NaN,NaN,NaN,NaN,NaN,0,no_path,0
ST-EA*,1041,NaN,0,0,0,wall_clock_timeout,NaN,NaN,NaN,NaN,NaN,NaN,NaN,NaN,NaN,NaN,0,no_path,0
ST-EA*,1103,NaN,1,1,1,none,7.6410784393581,6.13704758784093,72.9672940789404,0.00129174375233382,0,0,0,0,0,0,1,evaluated,0
ST-EA*,1103,NaN,0,1,1,none,NaN,NaN,NaN,NaN,NaN,NaN,NaN,NaN,NaN,NaN,0,no_path,0
ST-EA*,1103,NaN,0,1,1,none,NaN,NaN,NaN,NaN,NaN,NaN,NaN,NaN,NaN,NaN,0,no_path,0
ST-EA*,1227,NaN,1,1,1,none,9.04142213045465,7.39430193936274,90.6757607813788,0,0,0,0,0,0,0,1,evaluated,0
ST-EA*,1227,NaN,0,1,1,none,NaN,NaN,NaN,NaN,NaN,NaN,NaN,NaN,NaN,NaN,0,no_path,0
ST-EA*,1227,NaN,0,1,1,none,NaN,NaN,NaN,NaN,NaN,NaN,NaN,NaN,NaN,NaN,0,no_path,0
ST-EA*,1475,NaN,1,1,1,none,7.44078769258259,5.92553046054186,70.4744448646391,0,0,0,0,0,0,0,1,evaluated,0
ST-EA*,1475,NaN,0,1,1,none,NaN,NaN,NaN,NaN,NaN,NaN,NaN,NaN,NaN,NaN,0,no_path,0
ST-EA*,1475,NaN,0,1,1,none,NaN,NaN,NaN,NaN,NaN,NaN,NaN,NaN,NaN,NaN,0,no_path,0
ST-EA*,2312,NaN,1,1,1,none,8.55357460576997,6.91453295079993,83.2592215008807,0.00476439197245223,0,0,0,0,0,0,1,evaluated,0
ST-EA*,2312,NaN,0,1,1,none,NaN,NaN,NaN,NaN,NaN,NaN,NaN,NaN,NaN,NaN,0,no_path,0
ST-EA*,2312,NaN,0,1,1,none,NaN,NaN,NaN,NaN,NaN,NaN,NaN,NaN,NaN,NaN,0,no_path,0
ST-EA*,2560,NaN,1,0,0,open_set_empty,NaN,NaN,NaN,NaN,NaN,NaN,NaN,NaN,NaN,NaN,0,no_path,0
ST-EA*,2560,NaN,0,0,0,open_set_empty,NaN,NaN,NaN,NaN,NaN,NaN,NaN,NaN,NaN,NaN,0,no_path,0
ST-EA*,2560,NaN,0,0,0,open_set_empty,NaN,NaN,NaN,NaN,NaN,NaN,NaN,NaN,NaN,NaN,0,no_path,0
Greedy,483,NaN,1,1,1,execution_constraint_violation,3324.49533159388,23.9668152302,126.9642022834,0.446043297320618,30.3712356175912,2.3655439028413,0.0540540540540539,0.000480466799975082,0,0,0,evaluated,0
Greedy,483,NaN,0,1,1,execution_constraint_violation,NaN,NaN,NaN,NaN,NaN,NaN,NaN,NaN,NaN,NaN,0,no_path,0
Greedy,483,NaN,0,1,1,execution_constraint_violation,NaN,NaN,NaN,NaN,NaN,NaN,NaN,NaN,NaN,NaN,0,no_path,0
Greedy,638,NaN,1,1,1,execution_constraint_violation,2067.89160688037,14.1200031631725,106.18125566271,0.00225087882376103,18.2553164244028,2.19403638187641,0,0,0,0,0,evaluated,0
Greedy,638,NaN,0,1,1,execution_constraint_violation,NaN,NaN,NaN,NaN,NaN,NaN,NaN,NaN,NaN,NaN,0,no_path,0
Greedy,638,NaN,0,1,1,execution_constraint_violation,NaN,NaN,NaN,NaN,NaN,NaN,NaN,NaN,NaN,NaN,0,no_path,0
Greedy,855,NaN,1,1,1,execution_constraint_violation,3181.66802005879,21.6351820816271,118.179761266437,0.0195057042008336,29.1205084974796,2.08089771610153,0.251366120218579,0,0,0,0,evaluated,0
Greedy,855,NaN,0,1,1,execution_constraint_violation,NaN,NaN,NaN,NaN,NaN,NaN,NaN,NaN,NaN,NaN,0,no_path,0
Greedy,855,NaN,0,1,1,execution_constraint_violation,NaN,NaN,NaN,NaN,NaN,NaN,NaN,NaN,NaN,NaN,0,no_path,0
Greedy,948,NaN,1,1,1,execution_constraint_violation,1987.87941628209,24.4604079415675,134.184256144743,0.022199046660636,16.0637113409738,2.42852107803948,0.94736842105263,0,0,0,0,evaluated,0
Greedy,948,NaN,0,1,1,execution_constraint_violation,NaN,NaN,NaN,NaN,NaN,NaN,NaN,NaN,NaN,NaN,0,no_path,0
Greedy,948,NaN,0,1,1,execution_constraint_violation,NaN,NaN,NaN,NaN,NaN,NaN,NaN,NaN,NaN,NaN,0,no_path,0
Greedy,1041,NaN,1,1,1,execution_constraint_violation,4008.78190832245,19.6841141999795,115.808055058269,0.105485293242968,36.3483389026102,3.4006657104896,0,0,0,0,0,evaluated,0
Greedy,1041,NaN,0,1,1,execution_constraint_violation,NaN,NaN,NaN,NaN,NaN,NaN,NaN,NaN,NaN,NaN,0,no_path,0
Greedy,1041,NaN,0,1,1,execution_constraint_violation,NaN,NaN,NaN,NaN,NaN,NaN,NaN,NaN,NaN,NaN,0,no_path,0
Greedy,1103,NaN,1,1,1,execution_constraint_violation,13025.2096583944,50.4486519824274,337.672632504886,1.71818470045589,121.799038744464,1.05195778004767,4.54861111111111,1.94053306680424,0,0,0,evaluated,0
Greedy,1103,NaN,0,1,1,execution_constraint_violation,NaN,NaN,NaN,NaN,NaN,NaN,NaN,NaN,NaN,NaN,0,no_path,0
Greedy,1103,NaN,0,1,1,execution_constraint_violation,NaN,NaN,NaN,NaN,NaN,NaN,NaN,NaN,NaN,NaN,0,no_path,0
Greedy,1227,NaN,1,1,1,execution_constraint_violation,2563.14509919824,25.1523511595048,133.337728081013,0.0945456636301691,23.2852414748412,1.90106176479845,0,0,0,0,0,evaluated,0
Greedy,1227,NaN,0,1,1,execution_constraint_violation,NaN,NaN,NaN,NaN,NaN,NaN,NaN,NaN,NaN,NaN,0,no_path,0
Greedy,1227,NaN,0,1,1,execution_constraint_violation,NaN,NaN,NaN,NaN,NaN,NaN,NaN,NaN,NaN,NaN,0,no_path,0
Greedy,1475,NaN,1,1,1,execution_constraint_violation,9184.76070476651,53.2875017067135,157.36276436244,0.0641104359216525,87.7919184067767,2.56804273454928,0.605769230769231,0,0,0,0,evaluated,0
Greedy,1475,NaN,0,1,1,execution_constraint_violation,NaN,NaN,NaN,NaN,NaN,NaN,NaN,NaN,NaN,NaN,0,no_path,0
Greedy,1475,NaN,0,1,1,execution_constraint_violation,NaN,NaN,NaN,NaN,NaN,NaN,NaN,NaN,NaN,NaN,0,no_path,0
Greedy,2312,NaN,1,1,1,execution_constraint_violation,8242.85258781772,46.3484685778601,152.372798904267,0.331743364520424,78.4590278907154,3.08319372441961,0.104166666666667,0,0,0,0,evaluated,0
Greedy,2312,NaN,0,1,1,execution_constraint_violation,NaN,NaN,NaN,NaN,NaN,NaN,NaN,NaN,NaN,NaN,0,no_path,0
Greedy,2312,NaN,0,1,1,execution_constraint_violation,NaN,NaN,NaN,NaN,NaN,NaN,NaN,NaN,NaN,NaN,0,no_path,0
Greedy,2560,NaN,1,1,1,execution_constraint_violation,2123.36848217689,23.827976495935,124.315226768741,0.158643087138468,18.5325381391579,1.95420225137019,0.323529411764706,0,0,0,0,evaluated,0
Greedy,2560,NaN,0,1,1,execution_constraint_violation,NaN,NaN,NaN,NaN,NaN,NaN,NaN,NaN,NaN,NaN,0,no_path,0
Greedy,2560,NaN,0,1,1,execution_constraint_violation,NaN,NaN,NaN,NaN,NaN,NaN,NaN,NaN,NaN,NaN,0,no_path,0
