case_id,environment_id,environment_seed,run_within_environment,algorithm_seed,spacing_m,J,energy_Wh,arrival_time_s,dynamic_risk,penalty_total,penalty_height,penalty_static,penalty_dynamic,penalty_nfz,feasible,static_violation,dynamic_violation,nfz_violation,total_subsamples,evaluation_time_s,status
1,1,204,1,268,3,7.11137145400713,6.094422486852,59.2957701594893,0,0,0,0,0,0,1,0,0,0,400,0.0836206,ok
1,1,204,1,268,1.5,21.8853829414744,6.16941556025119,60.0253817033336,0,0.146929383178694,0.135435130305131,0.0114942528735632,0,0,0,1,0,0,794,0.0641852,ok
1,1,204,1,268,0.75,21.9595130485047,6.16252787444793,59.9176202137412,0,0.147748541231162,0.136187847589543,0.0115606936416185,0,0,0,1,0,0,1583,0.1151683,ok
2,1,204,2,321,3,6.68102264469814,6.03249221178422,60.4681478745352,8.48583001527138e-05,0,0,0,0,0,1,0,0,0,402,0.0306453,ok
2,1,204,2,321,1.5,6.705703347468,6.05791496843995,60.3834214556637,8.12582606259164e-05,0,0,0,0,0,1,0,0,0,800,0.0629331,ok
2,1,204,2,321,0.75,6.74712203111219,6.09941253112054,60.372189083128,8.27306674321299e-05,0,0,0,0,0,1,0,0,0,1595,0.1141608,ok
3,1,204,3,374,3,7.20699544808517,6.138707804487,60.8453709639731,0,0,0,0,0,0,1,0,0,0,400,0.0261159,ok
3,1,204,3,374,1.5,7.25347106613213,6.18741523284235,60.5775537269651,0,0,0,0,0,0,1,0,0,0,797,0.0504917,ok
3,1,204,3,374,0.75,7.24346937602278,6.17654193470335,60.6821466905236,0,0,0,0,0,0,1,0,0,0,1592,0.1006894,ok
4,2,483,1,547,3,53.3612255303545,13.9272098464504,121.713290655834,0.297403076802679,0.290727611504173,0.063454884231446,0.227272727272727,0,0,0,1,0,0,578,0.0482867,ok
4,2,483,1,547,1.5,68.5663230234833,13.9852882654218,121.701040372185,0.297175079252187,0.442221622857767,0.177720152662632,0.264501470195135,0,0,0,1,0,0,1152,0.0873705,ok
4,2,483,1,547,0.75,59.9014705022072,13.9382985695327,121.636714597376,0.297614002414772,0.356004462768873,0.101635595985703,0.25436886678317,0,0,0,1,0,0,2301,0.1605492,ok
5,2,483,2,600,3,25.2789470287442,17.6945033204568,147.571460565353,0.0105618327641681,0.02948142559279,0.0140968102081746,0.0153846153846154,0,0,0,1,0,0,767,0.0522772,ok
5,2,483,2,600,1.5,26.8235218286453,17.8267791619728,146.622825642142,0.010604852869272,0.0436791660763992,0.0206022429994761,0.0230769230769231,0,0,0,1,0,0,1529,0.0987265,ok
5,2,483,2,600,0.75,26.3738133327272,17.7451207246814,146.642941901378,0.0106040473241123,0.0399970696897107,0.0188024646800768,0.0211946050096339,0,0,0,1,0,0,3053,0.1977551,ok
6,2,483,3,653,3,13.4612209351911,10.156833641571,105.475662214885,0.0219929462248362,0,0,0,0,0,1,0,0,0,524,0.0346543,ok
6,2,483,3,653,1.5,13.6694261450266,10.362685629812,106.34233269419,0.0215060429848748,0,0,0,0,0,1,0,0,0,1043,0.0689871,ok
6,2,483,3,653,0.75,13.6431828854863,10.3344889927929,106.322468238151,0.0217179344461146,0,0,0,0,0,1,0,0,0,2080,0.1335268,ok
7,3,638,1,702,3,161.034711081468,13.0120121541651,112.326277838321,0.0218203867783702,1.42910905771146,1.40827572437812,0.0208333333333333,0,0,0,1,0,0,426,0.0294406,ok
7,3,638,1,702,1.5,163.671632476117,13.0634771712013,112.738944882672,0.0229942137318719,1.45481184987187,1.42323290250345,0.0315789473684211,0,0,0,1,0,0,849,0.0537896,ok
7,3,638,1,702,0.75,163.631651858211,13.0257629108063,112.443379257302,0.0230138826685629,1.45481184987187,1.42323290250345,0.0315789473684211,0,0,0,1,0,0,1696,0.1071373,ok
8,3,638,2,755,3,15.3490559380952,10.9614657001645,113.604019875881,0.0528909524919683,0.0129559405678098,0.0129559405678098,0,0,0,0,0,0,0,451,0.0300076,ok
8,3,638,2,755,1.5,15.4707594297018,11.0128837539994,114.147636227399,0.059466482642869,0.0129559405678098,0.0129559405678098,0,0,0,0,0,0,0,844,0.0591414,ok
8,3,638,2,755,0.75,15.3881550306557,10.9583582166508,113.82847049672,0.0484310793016976,0.0138052894291751,0.0138052894291751,0,0,0,0,0,0,0,1632,0.10313,ok
9,3,638,3,808,3,162.365915734555,13.2246400081657,117.101650852322,0.0196319034073465,1.43884071988373,1.41661849766151,0.0222222222222222,0,0,0,1,0,0,441,0.0285699,ok
9,3,638,3,808,1.5,169.832017010564,13.4684789026126,117.249824257143,0.0206298882168299,1.51095119743467,1.40188915542197,0.0221055202735711,0.0869565217391304,0,0,1,1,0,878,0.0569616,ok
9,3,638,3,808,0.75,174.220107845034,13.4904963998214,117.82688169928,0.0217662199257702,1.5544502095162,1.40190990663394,0.0221055202735711,0.130434782608696,0,0,1,1,0,1753,0.1109871,ok
10,4,855,1,919,3,22.3762493187861,15.1987913759941,115.858173619267,0.014434010329114,0.000231318083341045,0.000231318083341045,0,0,0,0,0,0,0,534,0.0353664,ok
10,4,855,1,919,1.5,22.2936224195823,15.1087322565238,116.154273834527,0.0149005383995077,0.000234312461027595,0.000234312461027595,0,0,0,0,0,0,0,1063,0.069739,ok
10,4,855,1,919,0.75,22.3868485012725,15.1878695045723,116.427618510808,0.0147636269401718,0.000366113220355603,0.000366113220355603,0,0,0,0,0,0,0,2122,0.1342194,ok
11,4,855,2,972,3,10.9201937742521,8.61892160185714,92.7378050029403,0.005449816287702,0,0,0,0,0,1,0,0,0,455,0.0297377,ok
11,4,855,2,972,1.5,11.0717804667502,8.76522222789165,93.2749509593138,0.00553080130375539,0,0,0,0,0,1,0,0,0,905,0.0571807,ok
11,4,855,2,972,0.75,11.1119901731482,8.80732973755337,93.0431009387613,0.00553422932783779,0,0,0,0,0,1,0,0,0,1805,0.113968,ok
12,4,855,3,1025,3,14.4426838390826,9.32932486620561,82.0347635596015,0.0199172856482326,0,0,0,0,0,1,0,0,0,440,0.0288392,ok
12,4,855,3,1025,1.5,14.5863649240276,9.4780656143212,82.2439228424634,0.0192370199287814,0,0,0,0,0,1,0,0,0,874,0.0564313,ok
12,4,855,3,1025,0.75,14.5937615186381,9.48280395063426,82.464161659405,0.0193193134110745,0,0,0,0,0,1,0,0,0,1742,0.1087632,ok
13,5,1041,1,1105,3,12.9333529281565,9.15300890967989,92.6111121040405,0,0,0,0,0,0,1,0,0,0,502,0.0324224,ok
13,5,1041,1,1105,1.5,13.2717585564917,9.48092826598431,93.8694647477289,0,0,0,0,0,0,1,0,0,0,952,0.0599465,ok
13,5,1041,1,1105,0.75,13.0880582893453,9.3051287287247,92.9213771613158,0,0,0,0,0,0,1,0,0,0,1860,0.1176806,ok
14,5,1041,2,1158,3,14.9604011954575,11.2799483455944,102.393678216011,0,0,0,0,0,0,1,0,0,0,564,0.0380042,ok
14,5,1041,2,1158,1.5,14.8382508836335,11.1588769636633,102.264206628869,0,0,0,0,0,0,1,0,0,0,1064,0.0688217,ok
14,5,1041,2,1158,0.75,14.8337791065765,11.1537974076198,102.337140107246,0,0,0,0,0,0,1,0,0,0,2069,0.132059,ok
15,5,1041,3,1211,3,108.567327403428,9.04314735351209,95.0644134604392,0,0.957820775480665,0.853654108813998,0.104166666666667,0,0,0,1,0,0,472,0.0306306,ok
15,5,1041,3,1211,1.5,109.078368257654,9.40743753364228,97.2230159214533,0,0.959108398683202,0.853845240788465,0.105263157894737,0,0,0,1,0,0,940,0.0601638,ok
15,5,1041,3,1211,0.75,108.329053560596,9.29313595106972,95.978012333542,0,0.952862017837342,0.852862017837342,0.1,0,0,0,1,0,0,1875,0.1181732,ok
16,6,1103,1,1167,3,8.37503105341571,6.32733333525573,60.1590837383418,0.0214426297449181,0,0,0,0,0,1,0,0,0,399,0.0268508,ok
16,6,1103,1,1167,1.5,8.3529896907876,6.30693305203981,60.1415470994175,0.0212931356694701,0,0,0,0,0,1,0,0,0,793,0.0502522,ok
16,6,1103,1,1167,0.75,8.35579676336157,6.31084638802148,60.0993401520665,0.0212176817848252,0,0,0,0,0,1,0,0,0,1583,0.0997249,ok
17,6,1103,2,1220,3,7.55804864882086,6.04554709230118,58.6458040620222,0.00920879584626961,0,0,0,0,0,1,0,0,0,405,0.026866,ok
17,6,1103,2,1220,1.5,7.57206603738815,6.06461857513048,58.7749979922924,0.00859572481150989,0,0,0,0,0,1,0,0,0,805,0.0566147,ok
17,6,1103,2,1220,0.75,7.58153706289054,6.07266315611751,58.7701837101337,0.00874238116484504,0,0,0,0,0,1,0,0,0,1606,0.1015871,ok
18,6,1103,3,1273,3,9.37560220629454,6.88112724084049,61.0909834058334,0.0134070484469595,0,0,0,0,0,1,0,0,0,427,0.0281448,ok
18,6,1103,3,1273,1.5,20.7757179879012,6.9023538906973,61.1438834021979,0.0148882419280053,0.113636363636364,0,0,0.113636363636364,0,0,0,1,0,850,0.05657,ok
18,6,1103,3,1273,0.75,19.1228671734173,6.90190958129982,61.1606650442141,0.0145686716527428,0.0971428571428571,0,0,0.0971428571428571,0,0,0,1,0,1695,0.1075125,ok
19,7,1227,1,1291,3,11.4933092051505,9.37666143692955,103.985977293462,0,0,0,0,0,0,1,0,0,0,431,0.0296791,ok
19,7,1227,1,1291,1.5,11.5809026351588,9.46160919345862,104.303458110981,0,0,0,0,0,0,1,0,0,0,854,0.0543667,ok
19,7,1227,1,1291,0.75,11.5745921052357,9.45544881564736,104.285439857555,0,0,0,0,0,0,1,0,0,0,1705,0.1094396,ok
20,7,1227,2,1344,3,14.4382496766985,10.554878520738,98.4712715823991,0,0,0,0,0,0,1,0,0,0,426,0.0274036,ok
20,7,1227,2,1344,1.5,14.6981848330515,10.7975992413455,100.537003871862,0,0,0,0,0,0,1,0,0,0,849,0.055534,ok
20,7,1227,2,1344,0.75,14.7559218376798,10.8562730051316,100.424592772928,0,0,0,0,0,0,1,0,0,0,1692,0.1084567,ok
21,7,1227,3,1397,3,12.1547203991239,9.6841244133595,103.626045719858,0,0,0,0,0,0,1,0,0,0,422,0.0278514,ok
21,7,1227,3,1397,1.5,12.2029564358699,9.73233121250393,103.629554232047,0,0,0,0,0,0,1,0,0,0,835,0.0531623,ok
21,7,1227,3,1397,0.75,12.2571661065234,9.78479917518207,103.838559189082,0,0,0,0,0,0,1,0,0,0,1664,0.1064008,ok
22,8,1909,1,1973,3,8.77218980389872,6.76507836678595,61.3831475277863,5.21838816689122e-05,0,0,0,0,0,1,0,0,0,419,0.0273631,ok
22,8,1909,1,1973,1.5,8.88682434371507,6.88042290909263,61.3090969947178,4.28924101938106e-05,0,0,0,0,0,1,0,0,0,833,0.0558539,ok
22,8,1909,1,1973,0.75,8.88273588035619,6.87669169778802,61.2548654118931,5.23601904547575e-05,0,0,0,0,0,1,0,0,0,1663,0.1075788,ok
23,8,1909,2,2026,3,9.23405324363566,7.02286959502536,62.2209652965185,0,0,0,0,0,0,1,0,0,0,424,0.0274104,ok
23,8,1909,2,2026,1.5,9.44502942927282,7.23392403578501,62.2115746818192,0,0,0,0,0,0,1,0,0,0,842,0.0539896,ok
23,8,1909,2,2026,0.75,9.4735848863925,7.26352312212622,62.0863391752354,0,0,0,0,0,0,1,0,0,0,1680,0.1051243,ok
24,8,1909,3,2079,3,7.72350084814926,6.35872644812525,61.4462075462207,0,0,0,0,0,0,1,0,0,0,407,0.0277866,ok
24,8,1909,3,2079,1.5,9.67939187479763,6.41698314823573,61.220904700846,0,0.0189951185024934,0.00909412840348346,0.0099009900990099,0,0,0,1,0,0,811,0.0510019,ok
24,8,1909,3,2079,0.75,10.6443394751843,6.43785311677662,61.2929437641344,0,0.028429891565677,0.0135784064171622,0.0148514851485149,0,0,0,1,0,0,1618,0.1029576,ok
25,9,1971,1,2035,3,19.2859917114906,10.7048630315072,113.381696085835,0.00530261176664311,0.0597014925373134,0,0,0.0597014925373134,0,0,0,1,0,527,0.0360622,ok
25,9,1971,1,2035,1.5,19.7962463895314,11.1619500996403,114.223591716277,0.00542895904001796,0.0601503759398496,0,0,0.0601503759398496,0,0,0,1,0,1049,0.0770717,ok
25,9,1971,1,2035,0.75,20.1603388150563,11.1510015999111,114.163960708194,0.0053887591097573,0.0639097744360902,0,0,0.0639097744360902,0,0,0,1,0,2094,0.133284,ok
26,9,1971,2,2088,3,22.4915914860699,10.4453553107405,110.315327080366,0.0112644216760029,0.0833333333333333,0,0,0.0833333333333333,0,0,0,1,0,477,0.0307003,ok
26,9,1971,2,2088,1.5,22.059987201558,10.7918547901044,112.795628042843,0.0147204611530256,0.075,0,0,0.075,0,0,0,1,0,951,0.0605658,ok
26,9,1971,2,2088,0.75,22.3995476703545,10.6851866254262,112.565199550107,0.0145562687465373,0.0794979079497908,0,0,0.0794979079497908,0,0,0,1,0,1898,0.1207766,ok
27,9,1971,3,2141,3,25.3309445858431,13.6937172796019,117.998541275926,0.00694187208597143,0.0606060606060606,0,0,0.0606060606060606,0,0,0,1,0,544,0.0355715,ok
27,9,1971,3,2141,1.5,24.6737094233588,13.7857783165133,117.744183352809,0.00798179283990683,0.053030303030303,0,0,0.053030303030303,0,0,0,1,0,1084,0.0705169,ok
27,9,1971,3,2141,0.75,24.9855935731298,13.7230084651458,117.882843328256,0.00745285509543123,0.0568181818181818,0,0,0.0568181818181818,0,0,0,1,0,2165,0.1373457,ok
28,10,2312,1,2376,3,39.5661762413474,8.21878371631659,83.3148214349431,0.00152242432171283,0.282247175598551,0.245661809744893,0.0365853658536585,0,0,0,1,0,0,453,0.0292772,ok
28,10,2312,1,2376,1.5,44.3458013363164,8.38375894489432,82.8386499075453,0.000780113704846352,0.328507586284767,0.285824659455498,0.0426829268292683,0,0,0,1,0,0,905,0.0610682,ok
28,10,2312,1,2376,0.75,44.352228461406,8.39029988436513,82.8347748451037,0.000771961485425717,0.328507586284767,0.285824659455498,0.0426829268292683,0,0,0,1,0,0,1808,0.1157769,ok
29,10,2312,2,2429,3,10.6178421789608,8.05252746167271,83.7881651609113,0.00408891396241211,0,0,0,0,0,1,0,0,0,444,0.0293059,ok
29,10,2312,2,2429,1.5,10.738503191405,8.16782677445127,83.4311841815107,0.00492256807847554,0,0,0,0,0,1,0,0,0,881,0.0555818,ok
29,10,2312,2,2429,0.75,10.7155030666745,8.14699846796823,83.512178262879,0.00463789118592585,0,0,0,0,0,1,0,0,0,1755,0.111911,ok
30,10,2312,3,2482,3,10.4646624558612,7.92608470611413,83.3110945696012,0.00226083626470845,0,0,0,0,0,1,0,0,0,452,0.0305576,ok
30,10,2312,3,2482,1.5,10.7293031863777,8.19609996127518,83.4414987767313,0.00161471362764477,0,0,0,0,0,1,0,0,0,902,0.0573432,ok
30,10,2312,3,2482,0.75,10.8242383481188,8.29200480473308,83.4623906739701,0.00150033554159822,0,0,0,0,0,1,0,0,0,1801,0.1144024,ok
